"","cluster","V2","V3","V4","V5","V6"
"1",4,1323.07846238888,1319.62110999678,1332.09919192959,1329.03910709032,1326.64032350397
"2",5,3777.76882124549,3763.30632646937,3778.34780058332,3775.51488612915,3781.00319458857
"3",3,76.5605375228459,81.2548292425695,79.0917343062837,85.30046845133,78.5320105016574
"4",2,10929.2596522919,10937.7073627615,10941.0003258499,10930.5082691586,10935.6749086747
"5",6,299.571287282286,302.924676563962,307.701765614429,298.735141524164,303.714513149993
"6",7,14255.2739232589,14252.5537328193,14258.6621061294,14269.5160564248,14268.9963160204
"7",1,59.8135180720575,68.002979258914,68.8534466189406,59.8207319502364,60.4661791145192
"8",7,14265.1356666246,14263.7979072633,14257.5220486721,14258.6285233099,14263.9067392786
"9",4,1312.40044365746,1326.27648228696,1320.21211580466,1312.42070101868,1321.22965929463
"10",5,3760.04932714875,3780.36985438894,3775.23863431369,3777.23186714131,3773.44014632877
"11",5,3763.86278979793,3777.97261808634,3777.65666908896,3766.15033462087,3771.78046800918
"12",4,1318.16767144203,1319.76200233928,1324.68978488381,1316.37699248162,1318.70893071648
"13",3,81.2053663796352,76.51625149492,82.6138655266302,81.9085755540178,88.9704912392524
"14",5,3775.97904201016,3770.65864102697,3776.71137563067,3767.3082851382,3771.65694428893
"15",6,301.507963314985,312.67792241412,296.562806048786,320.529393327958,305.571258928158
"16",4,1322.78981170169,1321.01561428818,1318.22104413648,1329.60700602786,1322.46994122426
"17",4,1323.80117764109,1322.55744217699,1322.11705075632,1316.47339701838,1328.74317767635
"18",7,14258.7128350597,14266.1430375424,14262.3115199255,14264.9945754168,14262.9266446319
"19",6,314.698150082736,312.019741632497,296.641359603405,311.257039905145,307.8182715907
"20",7,14264.3538448133,14261.3466059686,14274.2129635144,14268.5410988094,14269.6879278316
"21",7,14262.0539596918,14267.0804521512,14258.4258040644,14253.7125377616,14272.0439529986
"22",5,3774.6969171414,3776.37734173978,3774.16941169846,3783.82828267321,3769.02065445491
"23",7,14260.7141578355,14259.6536023176,14269.164593234,14253.717053671,14252.0066371828
"24",4,1326.29311526837,1322.79103107291,1320.48430085084,1323.54506744318,1318.39858035898
"25",7,14262.8872457366,14270.2979700654,14263.3193838317,14262.3166497042,14265.4961679213
"26",6,301.3414860638,300.666336099268,301.037264706583,300.842182732609,302.528482571558
"27",5,3772.74818260052,3763.38745155099,3767.95322570865,3774.97483562478,3766.502530776
"28",3,82.082930243242,75.4496066095198,73.9542807286161,78.7041066844231,81.2897493751876
"29",4,1313.77840859093,1311.94969467985,1325.78439529054,1316.23763184226,1320.25615811019
"30",2,10931.0511484877,10920.4794172841,10923.1805237232,10932.9230797365,10931.4697394174
"31",7,14260.039612635,14255.4005462867,14259.4144111113,14249.3922146087,14255.0262140965
"32",3,83.8513581384,75.8080063891033,68.4216255328342,82.7621131984466,81.8667248527202
"33",6,302.639404856006,304.995916570152,306.831927172146,296.287114251565,313.266458610698
"34",1,57.6277705818588,63.3678293078136,58.8578986322841,60.89284634759,56.6149504594572
"35",2,10935.6672014979,10937.2989190166,10924.5385451098,10925.4781045314,10930.6987754387
"36",4,1317.75487784107,1324.78129771511,1314.59183494083,1318.1254122712,1322.96494390867
"37",4,1321.87044381395,1331.18627474805,1317.40402072769,1321.0737562852,1323.62275863712
"38",5,3773.28600787557,3769.71085621535,3772.87405731386,3772.12994073231,3780.67124701822
"39",4,1321.99972750237,1316.60880761281,1320.97144712318,1320.71128310629,1317.08599678239
"40",7,14259.470958166,14266.6165135905,14260.2591883984,14264.0494111656,14254.0496061895
"41",3,83.3753460807478,86.0996001812541,74.3466308936133,78.4450383285166,81.1833056423067
"42",4,1318.04424856719,1319.68989760144,1321.54429257108,1320.95717609833,1316.51554741467
"43",3,74.6388832517901,78.4382080704193,82.8752534206339,81.3629070798553,77.0418945604754
"44",2,10928.7406543922,10939.8813159033,10925.8930877462,10929.9723203604,10926.7233355556
"45",3,77.6043206690565,68.5377020129239,83.2889972052565,73.3977796911097,91.6312835391314
"46",6,312.526355259044,305.911367035923,313.456808187466,308.251786352881,298.853594443715
"47",2,10934.3184996192,10927.3210991593,10930.59533889,10934.358542585,10934.6541391018
"48",4,1313.90793675056,1322.08193626738,1317.68572456048,1324.65853366679,1326.46728453347
"49",1,71.5771310495066,58.6092181418546,69.4158504812999,61.4629326966557,58.2774494836853
"50",1,66.226277962931,65.6614083225009,58.1183061103189,63.0307742316812,69.0507510910653
"51",5,3775.59979712635,3771.46023038579,3782.73890382985,3776.1370280727,3767.39959088534
"52",7,14269.015884657,14265.1919146631,14261.3554968732,14266.5319166191,14264.9338348096
"53",3,88.5755164266432,91.9432986609438,76.7815598657715,87.4484316422522,79.2075231786455
"54",1,55.3568228124493,58.5399085501349,61.0289964572883,70.1866916178671,62.1034921014075
"55",2,10930.5861806451,10936.0447821537,10928.350178371,10925.0534368711,10925.925609913
"56",4,1314.5289538871,1320.91930209262,1320.71075457792,1322.54059458336,1323.05075324966
"57",5,3766.91713054197,3773.39599799467,3778.87391580049,3770.41906747075,3779.78241523314
"58",2,10928.1511245147,10926.9693135211,10923.6345333901,10929.8239589651,10938.0144753668
"59",1,57.1872418561853,63.4822471352821,62.6945047335286,61.0444817981464,67.0802153938319
"60",4,1320.97037327279,1316.66315114481,1316.35811036468,1324.44592569574,1317.37692501372
"61",5,3774.67466366682,3779.49727938013,3779.06051489732,3771.34781630065,3764.3509627307
"62",6,307.172441137645,300.665717505143,299.369157607456,305.065288451853,310.281020455291
"63",6,309.978494524877,299.274203442291,303.685716926862,306.262457017546,305.740764583835
"64",6,310.150942347014,308.317295172768,312.359091835492,300.150180632855,306.352506353138
"65",6,307.95847080891,310.008013903481,308.80561858397,314.178818917791,302.49803768724
"66",6,291.68753252909,301.20931910095,308.150006509689,300.258636327874,308.748656857159
"67",3,78.5666302768702,79.0841724613587,81.130325255787,73.2430416535463,92.3991030057411
"68",4,1314.41773293475,1331.60050068396,1319.88058050681,1322.18197878946,1321.04778349564
"69",7,14263.4603883664,14260.6596043701,14265.0508718685,14269.6652874633,14264.1749769208
"70",2,10933.6785951906,10935.1174380806,10934.6867069244,10932.8353847349,10921.7620957725
"71",7,14270.5348106115,14260.4278503218,14267.0065110356,14261.5505190791,14264.4462190091
"72",3,75.9160463281372,75.5101944787316,75.0689242992285,82.7122700389518,78.8111331469786
"73",5,3772.8004920485,3771.03377919831,3778.19548822665,3774.64816354618,3776.67048433534
"74",5,3770.89079613344,3772.67837585942,3775.77842745492,3782.87028883982,3767.10908848181
"75",6,304.029230773541,300.98879745458,297.866197712625,310.533269331109,294.904334974592
"76",7,14266.9897049274,14271.9939971346,14264.0898207371,14260.4641958856,14266.4811415647
"77",6,318.584253387547,303.607118427493,312.820813599562,303.73900638349,301.912798679701
"78",5,3783.99112558015,3774.28929352727,3771.65602725877,3763.60646543875,3778.46191553045
"79",7,14262.6276261476,14254.1186465329,14262.1040566228,14263.9764281236,14265.387720063
"80",1,60.2273194866721,48.8865315657745,61.9417494210287,64.1615186758507,56.2010537434865
"81",1,64.5052736059946,64.1890505856245,64.9397971603631,61.0719762205056,68.8654463033032
"82",7,14260.3983790257,14265.1494518548,14265.7796360598,14265.6058316679,14263.1532087584
"83",1,64.1835999469772,69.6253373027608,70.3027145093721,72.8591105235271,58.7780383345721
"84",1,60.5984627144606,55.6235684338372,57.6927006050295,65.5169207421029,73.0952724318694
"85",7,14261.4081809916,14261.927596535,14253.8818313875,14264.9087865906,14264.3359800211
"86",2,10934.4744906514,10935.5951840459,10926.7669035838,10924.4656734303,10928.7395017293
"87",4,1326.75365249067,1314.95742618618,1323.21770614282,1322.77672820894,1319.68274818739
"88",3,88.3707286605581,83.4807926175999,81.1457416188234,79.2128765586631,88.1356053919645
"89",6,306.056434269655,302.118098987834,305.066287425985,309.435533728548,309.384153398903
"90",5,3777.24733493237,3777.71450217777,3784.53847257182,3775.60957828643,3778.75092432047
"91",2,10923.6730034938,10935.6787960057,10923.8764151778,10935.2371635222,10932.708378205
"92",6,309.627684486909,299.938754395054,301.999568883867,305.631223380124,307.128216299521
"93",3,77.5312444880579,84.0620022793815,71.986921092419,77.7221466129482,77.1236486262487
"94",3,79.2594393265404,77.3519191202338,78.7739173428471,67.8316424111371,84.2090984470417
"95",3,73.838301482018,76.5693322201463,70.9417405244143,78.9575117179838,73.9218374844768
"96",1,57.2179663895222,67.0571492696102,61.1372252027911,67.5343562169763,61.9079730505088
"97",7,14273.1543160657,14272.9470028512,14271.2472135296,14265.9695367272,14268.3275174053
"98",7,14266.0032226402,14262.9001171355,14255.0846375979,14274.2004105355,14265.7184926474
"99",7,14268.0150555035,14262.560058516,14262.0251691205,14260.7989962442,14265.9019039543
"100",4,1325.9868233102,1321.13933477267,1323.45812844753,1316.75142894785,1322.02119274815
"101",5,3774.05824118298,3773.29495739205,3771.50676523029,3780.12107763696,3774.07701760513
"102",3,76.3244178068259,80.9460646335029,67.1349141403698,77.9927514770429,82.8996120066941
"103",4,1325.41319239249,1324.42258289797,1328.94629964975,1317.95279531575,1319.43154019774
"104",6,310.071444758024,301.974313161623,301.704886565405,299.084975451754,305.829476275946
"105",7,14269.6634935361,14261.3325092647,14255.1981263015,14261.2187828496,14259.8476671926
"106",6,293.877899948359,305.966445631094,313.758078877722,304.360361522299,307.821385719392
"107",3,74.5217087725302,79.9583287589339,70.1704000010511,75.249756291042,75.0512104276291
"108",6,303.5770190886,304.566172949211,305.774603734449,307.550095089834,297.208970338294
"109",3,84.6665460972661,75.6956691542818,73.2075548000785,77.4780202519527,77.3705664582834
"110",7,14267.9452152027,14256.9551085835,14261.2956685732,14270.011039761,14269.9293470654
"111",4,1323.84125863374,1328.14073914797,1320.98742430608,1327.12070129845,1324.78917087195
"112",4,1326.54360057739,1317.87265162883,1321.95344851077,1315.3139891984,1317.54319025431
"113",6,311.655649442371,312.234256006413,303.22609766826,310.540612939103,308.259447240793
"114",2,10935.2348577927,10926.1372883971,10934.667167774,10934.8191677657,10926.1720705181
"115",7,14258.085033283,14256.9889553295,14261.106120232,14264.9242094843,14259.6554148842
"116",6,300.028385633814,305.428056255705,304.710184683873,310.356744180819,309.439400901807
"117",5,3774.32302132438,3769.92615549383,3772.63336029936,3776.44863563043,3775.95721118531
"118",7,14256.472643463,14267.8407081848,14272.5290674448,14260.2671643044,14275.8766159745
"119",1,67.2652809787567,69.3605882547776,53.458646338585,68.3305027348636,63.8058760223529
"120",6,311.385204920264,300.826692058654,305.451803896999,301.726480905004,307.830829016779
"121",3,75.0032287082026,74.2219942587653,69.0343545941651,82.0095250449935,85.0659514452172
"122",7,14257.3436049031,14248.2613348375,14265.0094210708,14259.3211564043,14259.131978135
"123",3,83.6781499886846,88.2309741195022,81.4854527919772,78.6522710339219,83.9808189416645
"124",5,3782.17439889773,3776.1993332032,3775.04142460579,3772.08362718362,3781.8415189646
"125",4,1317.05682257764,1325.57053890999,1309.08670629589,1318.11974431417,1321.23935961866
"126",5,3779.43929013324,3772.68902407748,3771.17150765141,3773.22339486745,3771.21403977729
"127",1,64.0918553901119,67.1032850543479,62.4479730807454,65.1175793176103,63.3955642373897
"128",4,1324.34384389273,1315.80322323005,1319.53877204957,1316.70688287788,1321.97407417145
"129",7,14264.6314818309,14264.204455898,14260.0673330396,14261.8947059183,14256.1983390765
"130",4,1323.93210637363,1305.06912666514,1320.29381404551,1325.31937283885,1318.21532225419
"131",5,3775.76581176839,3771.47815074189,3779.17704437023,3769.09829627351,3774.40965095539
"132",3,73.131016343863,88.3718555382319,80.6429336060672,85.5641681589954,80.3197326053186
"133",6,308.465877363558,304.366569324025,309.401386365404,312.571151596316,305.240601708432
"134",5,3771.4160889641,3775.27992678281,3776.49608812582,3773.54861176822,3772.53557224116
"135",7,14267.7188082095,14267.932942582,14261.5449507509,14250.7227632453,14266.4191899218
"136",5,3769.38929136491,3774.97959769089,3768.36109170956,3773.63620526299,3767.00574660799
"137",5,3773.97934050918,3766.10220208248,3769.17623499479,3772.80426894066,3776.23949724298
"138",5,3780.80402182175,3773.22533762771,3772.78141847798,3771.23736700606,3770.63987095659
"139",7,14264.0150039566,14256.9248899049,14270.4160840279,14258.3835463097,14271.973191576
"140",2,10932.1497162146,10928.8989558366,10928.9454286992,10937.2128102266,10921.3385292161
"141",6,303.896981964959,303.484573717875,308.123744525211,305.199961639351,299.110308018134
"142",5,3777.58048412981,3771.68814429984,3771.72535089229,3768.75836479902,3772.46599256019
"143",7,14261.8330337629,14270.9342601321,14263.1786827984,14260.152093004,14263.3306137132
"144",1,61.2546111609146,60.2658437496946,61.9409265840838,71.0251308736908,60.2586960841444
"145",2,10937.7870107572,10925.5100512981,10932.5436020487,10930.9122835166,10928.5803409188
"146",3,77.8395242714004,77.8952163977212,75.9448361753876,70.733998995252,84.6274104115933
"147",5,3766.99751451846,3773.80115570222,3766.26503754605,3780.05469990124,3774.71984341573
"148",7,14263.3618044131,14256.2514742315,14266.7709930346,14258.8958407571,14269.0766785988
"149",2,10928.5326695348,10926.9302722685,10934.2719981989,10936.5327787376,10922.0735048275
"150",6,309.968932686631,314.243609075265,301.199064643227,311.537274555391,298.252019415838
"151",2,10927.4214572496,10926.8629116426,10926.4594881695,10937.1160257477,10930.3051806885
"152",1,68.2818833645052,56.3756410302099,57.4052019316088,60.7556604212258,58.4771272879808
"153",5,3780.79050705873,3777.7358913497,3777.47867885882,3769.70302483834,3782.30509293886
"154",4,1326.02210573895,1315.9373792739,1317.56221625385,1316.83090016627,1322.41802889903
"155",1,71.8397964893045,54.9941180693954,68.4197700771034,68.1308020452144,55.3120353678593
"156",1,62.9149170087828,69.3764475710713,56.0529338492057,68.6423313113919,56.945373926022
"157",6,305.805170358337,297.230578958955,305.531987402861,296.356658609669,310.111776147896
"158",7,14264.4653560722,14244.5899972817,14263.8747282447,14256.8715077397,14270.7308752789
"159",1,59.1249661966976,65.7574723753142,60.9622797751313,67.7342542427552,57.689221806962
"160",6,307.378347662375,305.646419583455,308.460086103368,303.891908272172,304.198484742005
"161",4,1320.08395472181,1317.23819692693,1326.70763202749,1322.20628565454,1315.8599146
"162",5,3766.9609893511,3770.5289903243,3772.53842454862,3769.97272725925,3760.75867963754
"163",7,14265.0103461767,14261.4039022292,14264.7733182205,14269.3674505937,14255.5776588448
"164",1,64.1898170571776,55.3096843293633,63.9773312854741,64.6568207486627,57.9556136496479
"165",1,64.1858633356372,62.3925640471821,66.8726461435358,71.4427679684533,64.007086385963
"166",7,14267.4819066671,14262.662145534,14260.2172285624,14262.6888729434,14259.0064632907
"167",7,14263.292987382,14255.3366483936,14265.5708562572,14264.8187226179,14264.5622235033
"168",7,14263.6904894291,14270.3580888725,14259.0851676065,14265.221580122,14265.5243331076
"169",4,1318.79095699337,1323.64389567219,1325.45391909071,1318.26239565502,1333.34520517268
"170",4,1333.4224793137,1316.07690241832,1327.88495397877,1315.83962984441,1320.96009269178
"171",3,80.8329192083946,80.9050385147394,81.5844359836967,78.4907852528239,80.6826187555874
"172",2,10926.9543027621,10933.9237945852,10918.6507888661,10932.5545109632,10939.1407059492
"173",1,68.54002596093,64.315916607506,57.7310659122692,61.6038681992392,63.0283448356979
"174",5,3770.53287941935,3772.68602018205,3783.10398390765,3775.28094986501,3770.30023437397
"175",1,57.3699310682609,54.3070040294628,66.7989775922861,62.5438526402177,65.7375563353636
"176",2,10930.4739420337,10932.3458987267,10924.1478445741,10929.4856063858,10934.4648302413
"177",4,1313.97628183107,1315.93488666349,1325.16628760699,1321.3578494158,1306.18726067174
"178",3,71.8443472930168,76.6118989325033,71.3586823406916,79.8625004452628,85.8714849803385
"179",2,10922.1638328345,10929.4288743131,10930.6099705529,10929.352925471,10932.4376884259
"180",5,3770.40291143665,3766.13806183678,3774.04768381627,3776.53076300048,3764.82679987705
"181",6,301.384099368537,304.184049841377,302.33972372121,310.752119676171,301.231047403326
"182",3,74.8606042963467,74.7861499726599,80.9873753279061,80.9520175318483,77.867138630433
"183",6,311.350093540895,304.501363800938,303.461672038236,307.864575489483,305.026691089302
"184",7,14252.1511901985,14258.1822279485,14259.0285475933,14263.4810476236,14265.2051070685
"185",2,10941.8715085271,10931.5471104389,10930.1959187035,10928.7323651687,10926.1398489011
"186",1,48.9385814225418,68.9789550090069,57.2608374774491,71.3135142407314,73.4781024519538
"187",1,67.5016439775405,67.9235479784303,64.6529483340533,63.229436937169,65.2047116972526
"188",4,1322.38352890398,1331.5780911266,1327.94742338637,1315.84932092524,1318.8264081173
"189",4,1320.8496743377,1320.55007073879,1319.38035091538,1324.77552986741,1319.99590355108
"190",7,14262.5642008118,14267.3785124351,14265.9979914497,14262.997547539,14264.8232551547
"191",4,1322.08422780356,1329.42638986664,1319.6142940184,1321.2588416742,1316.38473524139
"192",3,72.4685401080202,90.5554478236994,78.2696361469914,81.2968499623371,71.6364233939535
"193",6,308.032188849058,298.6750764738,301.186849427496,302.744393853721,305.124400393601
"194",2,10932.3419991676,10920.4708463782,10931.4969829096,10929.6917575879,10932.1448189504
"195",1,62.4024923886545,70.9301496608675,72.5191789215482,66.2626075626691,67.8905817659505
"196",4,1317.51017255194,1317.19549580967,1310.20049591044,1320.35201833047,1324.63387843474
"197",3,88.5732918429427,84.6358918977653,71.4747937378362,73.7450842947902,83.9670163624397
"198",4,1318.81116353664,1334.63348620776,1319.54076706503,1324.97248945387,1314.87897989657
"199",7,14258.4629050841,14265.5507333122,14252.1526264596,14265.8187972416,14258.7378397448
"200",7,14260.6341583348,14261.6004453381,14265.5078639716,14264.1173406864,14257.6927893042
"201",3,86.1892937642361,81.7157302237245,83.0514061521429,75.4962178883972,75.4619588841831
"202",5,3775.24851471204,3780.50174894742,3770.91340468942,3770.70523070319,3771.24425720095
"203",7,14269.6834546248,14263.2389324484,14266.5207981228,14265.8777755133,14259.0729207639
"204",1,62.2001357973398,57.9483134590462,69.097879453796,58.3168718757419,58.188543050927
"205",4,1322.09506953727,1312.85128223237,1317.35030553727,1315.64062575416,1317.21771971174
"206",5,3772.18576148641,3771.70890524259,3775.09247707832,3768.8497408752,3771.23623998276
"207",6,297.186826952938,302.280300809978,304.25094358419,302.692595921972,314.132409554007
"208",4,1318.87277845768,1313.42700927256,1318.96481372717,1308.71956035783,1322.23309158488
"209",6,296.918771204887,310.923348206336,313.131571434439,304.58643113005,306.527343852951
"210",3,86.4845837949415,77.4583870980882,79.8321430704213,74.5344459903696,82.5838103990085
"211",7,14246.5544488355,14258.5967937494,14267.0775053332,14258.9446868978,14260.7031752523
"212",1,57.8699704462855,57.6027320460422,68.1133939661338,61.1188767517795,56.281307565404
"213",1,71.5037252848489,66.7905374344317,55.0016714194424,68.4120845692444,64.2307312437475
"214",6,307.857387326918,308.832591704549,306.78029096104,306.863523184197,308.598201225455
"215",3,75.8674607628767,82.756535064191,81.5871038087928,74.6550753106054,82.0442752960738
"216",6,305.782007605175,318.055492528968,299.933168773203,314.051131157125,304.722468116001
"217",1,61.753685652077,67.5904005440763,51.6095503320049,68.5324555133714,63.2694305995783
"218",4,1327.20766290579,1309.65961530695,1317.6865395165,1321.55051146451,1320.29248018458
"219",6,307.551086281832,298.729852292626,303.772493112865,298.680295275256,301.560849593596
"220",5,3767.06599327413,3774.35099338224,3780.59737267623,3779.20958289148,3772.89989069104
"221",2,10928.2365971861,10934.1961925783,10930.0030821197,10931.9317374697,10922.7294851174
"222",1,53.885987844634,69.3698252870383,56.1926058612253,66.0679832335957,58.2015803238024
"223",2,10924.8168696922,10931.6170172069,10931.6427411811,10930.6156997654,10936.2735506515
"224",3,77.375618510442,79.7700816235996,79.2266933387177,74.0710077668484,75.5570409626418
"225",3,81.3676799355483,82.7296926582229,70.7417255554552,77.5226299150821,75.878772923931
"226",7,14262.7059117248,14258.9092606261,14260.9931431656,14261.5376667596,14267.5051789472
"227",4,1328.98757181894,1323.21032313308,1325.15119762314,1328.06512796935,1317.39208899596
"228",3,76.7245368497295,84.2337647272772,81.7786351014428,74.7464101993595,75.5910681953889
"229",7,14266.3554822566,14266.8820401485,14267.9933209708,14261.4341229204,14264.0324195621
"230",2,10926.6856683076,10935.7433484775,10935.5212435208,10932.3397381597,10927.61864251
"231",7,14267.6564399373,14256.7329961291,14260.3415638422,14255.0261135701,14272.6117267625
"232",2,10934.2260297237,10933.165503098,10924.7084455581,10926.5641219389,10933.6922513305
"233",1,58.130582733222,70.7209797424886,64.9984672239932,64.9879435690539,67.1380185060952
"234",3,90.8800448930741,93.5696325535368,75.1193738985171,81.4990510148307,70.7272921226886
"235",4,1315.09961455796,1320.64786769124,1322.98940824803,1319.9913512443,1322.27542806174
"236",1,61.0459997497506,73.3477382668056,59.8727918329889,57.5861176466928,60.8890233542722
"237",5,3766.95272622614,3786.00853213201,3781.13397860377,3772.72213905816,3772.2043552424
"238",6,312.877286738036,310.4996242316,309.118136965408,305.669764396867,308.026104680551
"239",5,3778.40017345518,3767.47044176865,3771.5085730759,3777.55596969866,3776.77037759881
"240",2,10932.545931612,10933.7387969306,10929.649896439,10930.2908291475,10922.8143590013
"241",5,3780.14212118007,3784.03987161751,3774.92628827265,3765.91226912792,3767.47166514777
"242",5,3778.94311905424,3770.49274336045,3772.69467643852,3774.40729591255,3779.26519124524
"243",3,80.2336987357935,78.3646608959939,81.5199438771172,80.2792597315922,77.6678027194422
"244",2,10936.6038829194,10931.9186026625,10938.8788756759,10927.2411462358,10922.0562396145
"245",2,10944.4916652075,10935.5787181745,10933.566469357,10934.5716263149,10931.0137654377
"246",2,10926.6129931618,10926.914352159,10918.4312570542,10923.8164315907,10925.4158045562
"247",3,77.556936505358,76.2768620252787,74.1019031861711,81.6624190716233,76.3133328617654
"248",6,302.385487062757,294.574284138955,305.168854995875,311.831965765599,311.495934034796
"249",2,10930.525553967,10922.631892334,10934.4102961755,10925.35627095,10923.3675427547
"250",6,300.661709864626,297.706308570788,311.481534472403,306.044619493232,304.585594046151
"251",2,10927.3659276453,10933.0527146027,10926.4241579056,10927.9035915948,10928.4724068988
"252",1,68.1894421227585,67.6029357681104,52.0336166624278,64.9204985567524,69.5713072334666
"253",7,14255.6855452425,14254.9846862468,14262.755356149,14260.6972295638,14262.5167219003
"254",3,80.3479484254421,81.2376406880332,74.1443527170533,76.3669261105767,81.7692083522102
"255",4,1317.75048770332,1319.55667558024,1319.40382443827,1318.36830678974,1317.39378505003
"256",6,305.219777392581,311.806995792848,301.435267431979,314.413471494152,309.598445611806
"257",2,10930.1147416412,10938.9576361177,10931.8685996192,10926.6540365218,10932.4618086848
"258",7,14268.1927214708,14251.0438900446,14266.4564178351,14265.6617042979,14267.0011784643
"259",3,84.3255360155311,78.6599342836891,73.8181668560458,79.7723238931242,81.2490102270857
"260",7,14257.2679854663,14261.1650552711,14268.2217247601,14266.1907565415,14263.443544972
"261",6,304.398712210894,313.37266962695,308.212830705654,305.045985322476,299.25671884964
"262",1,58.7632276493154,61.5623440640148,51.4158808116562,62.155411108179,68.2885633499847
"263",5,3763.7994909383,3771.2251179969,3781.33846771412,3768.60285823426,3773.58269445026
"264",1,60.9321170174918,63.726070341373,57.9253675875458,65.4989407392977,56.839085877971
"265",1,60.903396199356,58.8521436230956,59.6801932499256,62.4861922850196,59.4124482764399
"266",7,14258.4006585306,14263.5618345697,14260.8713803302,14265.0829495443,14269.2108286874
"267",2,10936.9084837482,10931.871816121,10927.140409238,10927.593547721,10927.4789072251
"268",1,69.0460468368576,61.784642311188,64.6783123464091,68.8510125163646,61.9292475829855
"269",4,1315.15958782553,1325.48348547724,1320.20478189254,1317.65087936805,1317.76974179377
"270",7,14266.8006837652,14256.9757809969,14261.0426598534,14256.3364791962,14266.0352483295
"271",6,304.690203477162,299.663132556043,311.696244682633,299.577921389346,309.37898629854
"272",1,53.0266347369089,64.7871334992787,56.4515700395111,56.9714791184947,73.8527135274136
"273",1,62.3043656778082,65.2670802284726,67.8548344624365,48.7784167348348,54.9132254833837
"274",1,63.1059936195648,58.6919520550952,65.8217229319921,64.9012889159191,70.7200760228993
"275",5,3776.40099493176,3774.80388633034,3773.41082606247,3778.85523014989,3772.91668378932
"276",4,1317.05566518449,1321.21594773211,1322.83579744091,1325.48019607862,1313.85537679336
"277",1,63.0323978494658,59.944483467351,66.7819688664103,63.4959203586467,60.4839332679257
"278",1,67.483319841422,59.4426331064884,61.9736803844756,72.5724872394192,63.4483847959569
"279",3,82.5968643444766,86.3685235791718,87.1527163815485,78.0447631283399,71.0822584816209
"280",7,14255.6847271161,14261.5377815879,14270.0393753683,14271.604006077,14265.8582140338
"281",4,1316.24149620169,1321.01141556985,1325.17664692338,1326.12858076255,1319.05092691789
"282",3,73.7891769904664,80.5458542675606,78.9229953718118,79.6580429634701,83.4239733424918
"283",1,67.5784856446223,61.6330964489691,63.4903185666879,57.8168722258816,63.0109191407741
"284",2,10926.9105055925,10928.7707675986,10930.2397978603,10929.9058375647,10934.8170402916
"285",5,3773.23028482559,3774.19849921659,3775.68646026479,3774.72323987037,3780.74213376225
"286",2,10935.3562257467,10932.5567848701,10933.7630375059,10935.9201268452,10932.461665074
"287",6,312.306875182278,297.511830906389,311.203465732081,302.075268730697,311.982727206865
"288",1,68.8878546810594,66.0385668270841,58.7822117810989,59.796703041571,64.1144383052179
"289",4,1322.36152300722,1315.82438625997,1324.89681406011,1321.36365178809,1322.28438461972
"290",1,48.9882252795053,65.9394573626727,61.5877486338655,62.4778308422688,65.0795522723189
"291",7,14256.6799379367,14264.2052374562,14267.941762514,14258.3295556474,14255.7331596282
"292",5,3769.41189372523,3770.10296508383,3768.41290363072,3767.58540267908,3778.60795287916
"293",6,295.846243184228,312.144774222473,303.157355140878,303.409925687911,301.290268108482
"294",6,305.124222158905,307.348786267338,317.196935888053,300.44122219632,312.02960292569
"295",5,3775.03533607623,3769.54864745574,3778.96366577925,3774.45102119973,3771.0118077659
"296",4,1322.51310020824,1308.08041544396,1321.26702947369,1323.26054427419,1318.20793071158
"297",1,59.6655350354525,48.4983747614914,69.6486928393997,66.0489432793572,66.6094527079364
"298",7,14253.2312109971,14259.9922329192,14260.6355877171,14267.3527647758,14257.0757913148
"299",2,10933.09939639,10933.6787663089,10936.4548830821,10926.0661029908,10934.6447232181
"300",5,3782.26518965627,3774.77406114532,3769.84989144542,3773.38291227954,3765.91398235048
"301",1,66.1462445148798,64.9615278767363,64.252423426522,64.0969158432754,64.9468128869624
"302",7,14268.2231307538,14264.0271589478,14264.1089118617,14266.614619608,14262.615737363
"303",3,83.7756731237109,86.2464022054137,86.3822548580486,84.7951411924051,79.804276023876
"304",6,307.528325998077,308.591403200884,295.814216587499,297.527489492086,301.06044969908
"305",6,309.124711936747,302.832494602896,310.192446078445,302.053124168542,300.816413416281
"306",5,3771.52991359929,3772.68302811306,3776.40867803363,3779.21172365275,3775.98797586456
"307",6,312.898421575537,296.213875673823,297.61596784655,302.583558726019,305.999804106259
"308",7,14265.2297221684,14263.6773968598,14270.2468867885,14251.3310790374,14265.748519002
"309",3,82.9518312614149,75.8870339750629,85.4874829652544,78.6689998150309,91.0503595176969
"310",5,3769.41331870162,3770.17687056923,3769.2577288502,3772.30052935195,3763.60934197867
"311",3,81.5191469369927,73.6580779888123,79.6893243133663,82.230502344628,77.199995014969
"312",3,86.43620277558,80.0440564875563,78.5008377310288,82.4960469674064,75.5916165002932
"313",1,70.7401280084138,66.0050513755551,63.1630649321208,57.4893373960661,66.6148570105075
"314",2,10929.4282325952,10939.2046555159,10925.3515039147,10931.7325494431,10937.0533802867
"315",6,310.894270788219,296.792630585753,306.246572829325,303.300748441146,307.579507248165
"316",6,312.062379023142,299.855654727232,306.903370358026,301.296070349903,304.605324508615
"317",6,311.733530697177,307.019809064905,306.488400014266,304.475912745015,301.998646769343
"318",6,299.54724810404,314.663219105896,309.386828745439,299.683019643871,304.609078300891
"319",7,14261.5304521217,14260.9804885809,14255.4756894684,14264.5748909007,14260.1921397572
"320",5,3774.16096727592,3769.39577249122,3776.30885875314,3770.39233205195,3778.47497040002
"321",6,310.571527914617,303.169607849025,311.089868712664,307.86259119317,301.816940036422
"322",7,14273.7515765689,14256.4657347747,14267.0575384421,14261.3528579272,14259.3555784661
"323",5,3774.97287912797,3780.48046901729,3779.32075528298,3767.34267050564,3778.83882069665
"324",5,3778.38059235469,3783.57750638763,3776.27474597552,3774.61192157991,3772.96812139863
"325",6,310.123214381431,301.098728477526,308.961345326913,310.49229779204,295.008182020254
"326",6,308.95049255069,312.180594442419,305.334487284544,298.710020347906,306.273070852873
"327",4,1314.5177044176,1321.7615486081,1322.07138412328,1317.29939247121,1323.80117869605
"328",5,3763.60366873133,3776.83133514235,3772.05397445766,3780.65060011172,3765.89050803032
"329",3,79.006273329083,87.0082638050505,75.7621977778056,77.6355651716586,79.3034463727467
"330",1,64.2581132199472,66.0701630017277,63.7905135945024,70.2337523827822,61.4252666710736
"331",1,61.235769221357,62.4542317085878,66.3920298412622,57.086554885685,63.4165549255892
"332",3,87.5689734857396,79.516913723525,81.6286054362546,80.3270040505865,87.9094990789594
"333",2,10931.3408940965,10935.5882432183,10922.4654078353,10931.5056393317,10933.0496574188
"334",2,10936.9205868489,10931.8568954154,10933.276069341,10937.8688186716,10922.5787388111
"335",2,10927.4764443831,10922.9047425946,10936.306257972,10930.3599347247,10937.2607800078
"336",4,1330.19533176468,1322.22203189309,1313.49174275037,1318.28887805738,1316.26385790834
"337",2,10931.0610398574,10930.5527958434,10934.9930472553,10929.9378713266,10929.8231544803
"338",5,3768.2974770375,3780.70288235559,3769.19171489794,3774.5749387255,3778.12256165806
"339",2,10924.8260346731,10923.0879456419,10927.9965507467,10931.2914591078,10933.7662353943
"340",5,3770.94358680654,3779.28783674145,3771.87437557952,3771.21307641888,3773.54437209166
"341",5,3778.47972873393,3768.662838888,3772.80215334723,3775.92751670382,3774.40113475371
"342",1,74.4479444824122,63.5462092871229,60.1155929046773,67.2764850097366,70.2166884391637
"343",5,3769.27173883066,3765.57225661088,3778.69025960483,3767.7154186229,3780.57932973111
"344",7,14263.55085277,14272.0487918282,14274.1149532734,14268.0389726448,14258.5740080138
"345",2,10926.3114130057,10929.4143732484,10937.828168313,10936.7689130115,10925.1935599318
"346",3,85.7639086969909,71.5089783328591,71.1552324976646,76.3158476397826,74.57211026058
"347",2,10934.0810943438,10925.0049442116,10923.8913473279,10922.2175917151,10929.939203637
"348",2,10934.6589224648,10940.0544184571,10924.0759150817,10917.1984954189,10931.6080616356
"349",4,1320.640055353,1326.00873219795,1318.80626909958,1324.67550751744,1320.76051338136
"350",1,67.8820901121131,68.9219962645159,61.7557764193802,67.8117160343771,54.081011780562
"351",2,10932.3835596325,10931.9776566532,10934.4904530485,10933.6077270471,10931.6966272029
"352",2,10917.4984981121,10940.0786809101,10929.3680201052,10929.4128699041,10930.512365624
"353",2,10931.1876061922,10921.7828090287,10936.7627180812,10927.0195317461,10929.0191317496
"354",5,3777.84860406928,3778.343272247,3772.46255972882,3768.92903231574,3774.70317287486
"355",4,1328.51950988598,1322.34396242856,1316.22543985423,1331.82675247182,1327.5492151744
"356",5,3773.68509614878,3777.51478385525,3775.28815612052,3782.18044246375,3775.25033733322
"357",1,71.3204489291021,64.0549950556505,67.8238814568935,51.6871429328047,56.7800924989939
"358",3,78.8041352544507,86.3648205071584,82.4975368097806,81.0009651914781,69.4704374443202
"359",6,304.912144178917,299.635961427468,300.686781324794,305.346025586709,300.785261050601
"360",2,10922.4665782,10940.0226331365,10935.9436448703,10929.2558801131,10929.0876031829
"361",3,79.153112116573,78.3433092751886,76.5115580563579,72.0573765317573,85.067583447018
"362",3,76.5385698072867,78.7419059680512,81.1193958653591,77.7088104503671,78.7263793829153
"363",1,59.7051289347605,65.4432243150934,60.3589337431448,59.103849081886,63.5512059412836
"364",3,76.3379813665092,79.4546902292525,81.2580838581761,69.8561136550906,71.2560039062634
"365",4,1318.98606124928,1323.28209256199,1321.64768902341,1323.25100008683,1310.7610183772
"366",4,1315.8417709162,1325.96044232243,1321.19701750777,1326.98071393445,1323.14536624146
"367",7,14266.384608369,14257.9669240731,14263.3396327194,14260.8363577076,14263.4882613555
"368",4,1315.52345218676,1318.64307040808,1325.00086615276,1327.78952659923,1324.71755743873
"369",1,62.9174709718937,65.1466284320893,58.3527672786603,62.1160009109012,60.8272966288689
"370",3,86.0095733617719,82.1259198743883,83.4414939365215,84.8638033627818,73.4391231628614
"371",1,70.1594342680014,63.2630318784568,66.2220927259147,69.8853136628061,65.3362141897977
"372",4,1317.81371027078,1323.44853093685,1319.5820085227,1325.4113652567,1327.15479312119
"373",7,14263.2343845691,14263.3690895304,14264.8347458817,14268.8011510257,14263.0761030867
"374",4,1321.52254480425,1326.18630627237,1318.50432832427,1329.67451197621,1327.29398766313
"375",2,10927.2675496358,10933.3932466137,10928.3773685059,10929.9817588465,10926.6520940624
"376",4,1310.96472686306,1323.67739733169,1320.79661022654,1313.34314489708,1322.79395521282
"377",4,1320.54465120582,1315.92778958119,1325.10632483297,1321.62579594823,1318.75265812405
"378",2,10926.1156968004,10932.1492323116,10926.7040647297,10928.4893947148,10922.9553329771
"379",2,10924.1062373191,10927.545406133,10931.0206570118,10937.3546550257,10936.253256969
"380",4,1315.06614690756,1324.44140360048,1325.83963730771,1326.48369655192,1319.58759522337
"381",6,301.105486422344,306.215702822442,308.613958249636,305.046674867842,304.896918835165
"382",7,14260.4866420113,14265.0118607523,14263.4800489258,14264.5502216226,14258.1569360187
"383",7,14256.5199895507,14263.3204657023,14262.1780292907,14268.4193044799,14266.5063111221
"384",3,89.8307139075431,81.1667844439379,81.3827388283613,74.8033957311132,75.9643944628
"385",1,58.3103643287087,59.1270453992919,56.7897659120473,62.7877616706306,63.9327240670433
"386",1,67.5328285076213,73.0682825197219,66.6940480756577,67.4478467465708,61.3303831440148
"387",3,83.0432514959536,77.6557540019456,82.9231951374545,73.4126432848849,81.3292281677219
"388",6,301.289600730203,312.609732807442,305.927518697456,298.858284461391,303.94238619868
"389",4,1317.48944233317,1313.01825256462,1325.64071709788,1328.75746023069,1316.06894572107
"390",4,1324.5173805248,1327.96033907716,1324.64541939197,1321.61501006323,1314.86884531081
"391",4,1322.63087850443,1312.11276158812,1318.42164746035,1316.84128311101,1322.83867882773
"392",2,10928.9704220647,10934.74171752,10932.5942411829,10923.6379421299,10927.3195028112
"393",6,311.049635989023,305.480144127054,302.07618135089,298.867981146738,302.049212921586
"394",1,65.1783674729908,59.6218189492934,65.442124744109,65.1808151565222,72.5271004567999
"395",2,10925.4956442957,10934.3418386528,10937.6055060075,10929.9433426045,10929.4468778395
"396",7,14260.2254038718,14255.8776910317,14253.5419985054,14262.5450934934,14256.8558039767
"397",5,3773.1703683376,3776.277720346,3783.28971088092,3766.28965085608,3770.90302252785
"398",4,1323.33442480802,1321.96344787666,1320.56363618818,1329.19783701435,1314.4586204189
"399",5,3770.57093751517,3775.92499888443,3775.0331703148,3776.21336224363,3768.51066705735
"400",2,10931.8759017131,10928.6522027211,10935.1525334001,10923.9149716815,10929.4033533331
"401",1,59.252530348339,62.6200483845368,61.8057443648655,56.3016346556423,60.1643254160763
"402",3,84.9099444013736,87.5934352010718,74.8404995140612,72.9663413628436,79.6517997123948
"403",1,60.8430696154354,63.326807679067,67.3492372828551,63.0899175767765,63.4525892983622
"404",1,60.0108613413952,61.2827525626269,68.403795597248,59.6568866371706,64.2296586238932
"405",3,88.9562011615832,65.6163260925692,80.703602637423,75.8449866370503,74.0036218436229
"406",5,3770.19527488499,3778.17966853085,3776.88652343764,3772.39079146316,3771.97848182396
"407",6,301.842021837462,304.940962921252,319.04714595601,306.01948558512,313.686587186165
"408",1,58.4838134555158,62.3841337448716,61.147186215543,55.7278943886234,72.9087732759
"409",6,306.811829016975,299.25200324121,302.241492742453,304.634192170254,314.064390113964
"410",3,80.0747840134738,74.3743026719362,79.6733084326799,78.2260055692104,83.5406808106099
"411",4,1313.03544994064,1321.2894671893,1321.25147610847,1326.10002157609,1320.68771741646
"412",5,3771.84378103311,3774.93508569105,3764.82498783482,3773.33350126862,3777.35679321047
"413",1,61.1194684400629,69.6472196887975,60.9976299526209,68.467377975309,65.9657102114488
"414",6,308.466363868446,320.852791816374,304.203051933091,307.368569740191,304.142830766151
"415",5,3773.932418391,3771.70846962608,3776.37517523584,3773.45584992102,3775.41286412653
"416",5,3780.63779116631,3771.31410242217,3767.81584870076,3765.14510453182,3774.43971482435
"417",5,3771.07510936055,3767.81575038394,3778.91280549715,3773.05662239899,3775.17000885522
"418",2,10927.8835566179,10929.3130428219,10933.5526217833,10939.6795237578,10926.7017599252
"419",6,293.360727089556,309.393579145558,307.544819016409,310.475741105569,312.222982327379
"420",3,76.2013929314384,78.673337106743,83.0660483305441,78.0666547711112,90.8633918115801
"421",3,81.1495615578195,73.4882189611958,75.7851905918334,74.8707198636981,81.2975525878067
"422",6,305.254470315003,311.220565891143,303.511870660688,295.777783864953,308.392898311203
"423",2,10932.7369521886,10931.6258097364,10934.8511569927,10928.8624048189,10933.3641710384
"424",3,70.9023590704209,79.6152137861008,78.190694724256,75.2935914771921,78.6983580074675
"425",7,14267.6101487703,14263.7769890201,14261.9273418045,14269.2342420155,14266.1876900143
"426",6,303.082113905346,306.097280229289,296.958299031712,307.676117657795,301.239621127898
"427",5,3772.31153739048,3774.18594000309,3775.58448266022,3780.18561584678,3776.87656110391
"428",7,14262.7012333605,14263.2518447095,14257.2843523055,14266.9619119121,14266.1126934411
"429",3,73.1034212188349,80.1121552025748,70.1952009848487,78.2659774231807,77.8214968695728
"430",7,14263.7873869202,14260.329687151,14269.7170826054,14259.7280447042,14257.1182760549
"431",7,14265.3013353472,14260.8295805844,14272.5348719195,14262.2086631642,14253.4187285394
"432",1,66.3463555847522,66.342698671839,57.4639900792753,69.6325881915378,68.54130770577
"433",2,10927.9094490995,10934.6514005867,10932.3883660923,10928.2194089583,10931.6753404117
"434",4,1330.9783045493,1325.08305223939,1334.78851527028,1322.43493122904,1318.80187609818
"435",5,3774.10285689487,3769.72804940257,3775.48023663846,3772.36256413808,3783.60034863008
"436",2,10930.9897859729,10925.3360799912,10925.949146156,10931.7039308275,10926.8247536405
"437",5,3771.77255921427,3768.20445902826,3768.36461662877,3768.62632554316,3775.87217409521
"438",2,10924.6523515525,10919.9802385147,10924.1632024794,10923.283414977,10929.0873860409
"439",1,70.03914584788,60.7458626869712,65.2251002928247,66.1556969551345,58.7222259524765
"440",3,73.924849906248,76.6888250573051,76.0971194934672,70.6561683289041,83.08103251186
"441",7,14260.2468298331,14268.807731122,14261.0579151247,14264.5663216199,14269.9956964045
"442",5,3773.65911056004,3766.55499734728,3771.35153472942,3764.86245838972,3780.41975341396
"443",4,1323.33813825408,1317.22054334497,1323.46736091157,1324.32170827979,1329.23253413505
"444",5,3785.20763195178,3775.99139146318,3784.5331495873,3771.17431893005,3770.80546679581
"445",1,68.197885889993,65.3406039229328,60.1983299069464,70.8384207189185,63.5863326195678
"446",6,311.880255030359,305.204376326054,304.145757792472,313.951933754677,306.692919823949
"447",6,302.91346665743,319.106538411092,313.864733758187,310.170281158729,306.207959838227
"448",1,61.7882983122544,60.5221929013008,70.6630947133064,58.6761922496857,67.6842169068428
"449",4,1319.69637824648,1326.12179781064,1320.71389906685,1322.41972947684,1320.01304395827
"450",7,14260.2012183279,14258.793105144,14268.048813681,14262.7928881296,14263.32998584
"451",2,10931.5148364744,10932.2973961085,10931.5212927975,10928.3053258932,10937.0483707947
"452",6,302.313995791325,304.70266516833,296.990481050192,307.511469175875,296.057708685478
"453",1,60.8896868093809,62.3211717590715,60.9879731238131,64.4492888697295,62.5644287179883
"454",3,81.8828618978649,81.6640576422888,71.6174670376467,81.9653606885224,85.1262151226573
"455",6,312.295355805997,302.557579767416,308.20095223771,302.214441021798,307.161363654842
"456",1,54.9429785821124,73.6557681778197,62.8144715104665,63.3719005884462,72.390469614263
"457",1,60.0455705945434,69.3020394426421,58.9123183059398,60.3508700352394,69.7061712961614
"458",4,1323.66786476805,1320.2810834019,1327.20805724092,1321.66749881661,1314.99823103992
"459",1,62.2883343273653,64.5336689194963,63.8679593209224,66.4502656793243,70.0641153040495
"460",1,55.974183824911,71.9256604860988,67.2502517895312,66.3884060927086,59.9252578271754
"461",4,1320.67460802311,1320.64214793128,1306.39916044783,1314.96580201765,1323.98262898006
"462",7,14256.4811543877,14265.7820213864,14262.3425399,14250.8696494797,14266.7523769113
"463",2,10925.3842816475,10923.9916800654,10923.8731082725,10935.7882331091,10923.6390765985
"464",5,3767.77529880675,3775.3219017629,3767.88371541719,3777.33317385847,3771.85258520757
"465",7,14269.6745443949,14265.0862987425,14259.5572765128,14264.9724299679,14269.1221556421
"466",3,76.7169596128029,75.3597700736986,81.5604968804902,78.7089700139878,85.3771940544502
"467",4,1323.59428269389,1309.46533523086,1315.97274243357,1322.26961050046,1327.93702390777
"468",1,70.2350168709499,64.1438517199749,59.7734127261303,64.9818392983192,60.4034477352114
"469",7,14261.8311810812,14273.0811301993,14263.2995244113,14265.1525937468,14263.4727618989
"470",5,3769.29173405931,3777.25182514797,3775.4137629671,3775.19571539176,3765.42325778255
"471",2,10928.6885684599,10938.1754151091,10924.5996431281,10933.2042342797,10916.8724510688
"472",5,3771.02804949657,3770.68800668733,3771.27258007443,3773.51006129542,3772.91262286189
"473",4,1320.75030937697,1331.73794396393,1318.64672162388,1318.00058991376,1324.11999149232
"474",5,3778.46860984102,3770.6595098868,3781.59379274978,3778.03675626353,3776.07916686338
"475",1,64.5646414649005,61.1979011788636,58.0288766242075,64.2224872608579,61.7706564737467
"476",6,302.653939773645,304.80760561548,302.082181879176,310.2591784385,313.535600404319
"477",3,69.7720009993855,85.1034754648946,78.5520618932012,78.0436809761887,86.8733105981846
"478",3,83.8468766328167,73.6993763367341,78.3899471171431,81.0358573371012,90.8786539005451
"479",4,1319.02407038825,1320.50896692579,1322.89234276937,1319.90440412337,1325.53875467223
"480",5,3775.725838916,3766.52525322226,3778.64997412021,3777.99844597233,3778.21418455664
"481",2,10925.2510139466,10943.3985714425,10937.4976902582,10926.8975176391,10935.0443668905
"482",4,1319.90010104568,1323.55375215291,1313.28299107864,1327.99932201044,1319.45989030217
"483",5,3777.43035174341,3773.96979478183,3778.86916546231,3768.00663961338,3774.50855579893
"484",5,3771.47111629266,3774.59810670397,3768.09162551052,3779.089872678,3775.05134331831
"485",6,307.631288166982,305.700079092556,310.162926325178,307.099551051693,297.367433098673
"486",6,310.346518927554,312.550401444742,317.65252252413,306.280022768417,309.283413018689
"487",5,3761.70864371253,3776.45543225076,3774.17186365602,3774.373134164,3767.79580472003
"488",3,83.8085362232966,76.5967393233829,88.4192021657791,77.0610554930204,78.5764379684918
"489",2,10931.8974397801,10930.9174241962,10934.9671365649,10930.9521227158,10939.1623322179
"490",7,14267.0634569595,14265.3693414084,14258.6552412138,14269.0903409066,14258.3878683282
"491",6,306.487323570536,303.008815686112,299.2585773525,310.872492414216,312.025457533213
"492",7,14264.0688161518,14258.6337203723,14258.7536266306,14259.5132694374,14270.496040845
"493",7,14260.3651870208,14266.2247119403,14260.4545968429,14261.052766618,14259.5721124596
"494",1,55.9319004987092,62.5996376216363,68.5153364090242,66.9819128857208,65.0893085483221
"495",2,10926.4530953688,10919.015613087,10933.9561244802,10929.9283119542,10923.5851282587
"496",6,319.559449600564,297.426775365028,309.143177156652,314.02244278734,300.158816153807
"497",4,1313.52400672528,1320.39519913641,1321.10789358086,1315.60150745389,1321.21859864303
"498",2,10934.3515388398,10931.2584846325,10933.8923834473,10930.1500316034,10939.4297718799
"499",4,1315.70935805399,1319.76881367493,1321.1656373477,1315.6359794111,1330.52677363487
"500",1,61.7599181057326,62.622117734825,69.9707780612644,50.7554308916833,62.8663606009376
"501",3,77.1115992603664,82.4156956657743,72.5513286734431,72.9414337362003,68.785121009928
"502",5,3775.38590888381,3777.75728763515,3776.64430397248,3777.03459092252,3769.52108078993
"503",5,3775.96858156416,3771.02031226952,3778.70407686949,3768.01590983821,3774.00937565299
"504",1,58.9649499206079,63.3065182061281,62.4538612767919,71.3848758556127,59.2857222584201
"505",4,1318.71465467433,1322.85545198726,1314.89322651282,1327.87148362708,1321.23112912697
"506",2,10925.9357025638,10938.501785469,10925.4682389618,10931.8498360107,10927.3857338156
"507",7,14256.1323386947,14265.1337716402,14261.2589724153,14272.9856722945,14254.1513326604
"508",3,84.2442822050994,81.9671019744199,89.7848992585106,83.9838827038781,88.8473771487945
"509",2,10930.2849111948,10929.377344622,10925.7775204551,10931.1102009546,10936.7863458919
"510",1,64.093540209985,67.3753268688738,63.7779371192052,71.3874598585725,64.035304730663
"511",2,10929.3554631832,10924.7764698898,10930.9534637996,10918.2361804777,10936.0403777805
"512",4,1312.8288685564,1328.253575458,1321.98042698464,1323.85451080798,1321.49444806313
"513",3,80.4952371370027,83.2499138137293,83.2947078805448,81.8627824974365,76.0295969629451
"514",1,61.781984860889,67.5191551500326,62.3682397917467,58.8365067832348,60.9340735668979
"515",2,10937.7656962816,10918.5766132683,10928.6254193809,10924.5689667215,10927.4180090653
"516",6,300.363981190237,308.785981924236,299.373107813668,307.049186135363,306.429561589955
"517",3,77.9234648290147,82.1899781557421,75.8232557485221,76.4170026647893,77.851725719556
"518",7,14264.5275959885,14256.0484520499,14265.535946149,14265.9116179951,14260.7391430166
"519",7,14268.4094936487,14269.9483938532,14267.5519574735,14264.9706483974,14263.7000579702
"520",4,1321.38484457703,1319.97598819841,1307.55204157177,1318.21192120913,1318.3103508639
"521",6,299.150349377359,304.410955506471,301.967189792636,310.445600512814,309.608435403175
"522",3,81.2075315585541,83.399414350471,83.9968157380353,80.9912326871804,77.2620697959987
"523",2,10940.1931525851,10933.1845244261,10933.9508821203,10926.8282413348,10926.5481964674
"524",6,311.177846498937,305.983784183706,301.521219655165,314.368860155484,308.853081800342
"525",7,14269.1618323593,14259.8054057942,14257.1675517957,14267.9625196578,14265.9470108388
"526",6,319.800441407063,303.721988800582,307.751666305508,308.995756827319,305.435194413953
"527",1,56.9920518968115,68.0447627849163,74.1031850428705,55.7766904118436,58.8660203920403
"528",3,73.1577732456087,74.940690785732,80.5250819976344,72.9039465675236,79.8030261694366
"529",3,74.0441102109888,78.0260574112394,70.9331932732523,79.7192870322659,85.4160004049653
"530",4,1322.81888789868,1326.20382163239,1327.26879400933,1320.23146958758,1308.71564790766
"531",4,1329.51570449243,1328.11323179972,1325.9471700145,1325.02438594317,1326.84985379563
"532",3,76.8831676343834,71.8624204321614,81.5571440574182,77.6534927296588,78.2504338912938
"533",5,3770.41921922316,3778.08710627543,3778.45992690187,3770.57208365562,3779.7729742026
"534",5,3780.41658143406,3769.49054381563,3778.96923986061,3776.61617777729,3772.5205253185
"535",7,14264.0800086757,14264.0139340318,14254.2604069053,14262.8566662696,14260.7964012084
"536",2,10927.5287993655,10925.0971782477,10931.1619806602,10933.9664752533,10927.9672957498
"537",7,14253.7348552199,14261.5257164614,14268.4761118583,14271.204238439,14266.7029708638
"538",5,3773.10746526809,3769.96656552356,3783.77724138063,3782.16843387517,3771.39433129281
"539",5,3771.8593167023,3771.7912347866,3770.2624178684,3772.81789795074,3778.89051659963
"540",7,14262.581289809,14260.3701454238,14263.7846748663,14260.0211774945,14267.420742935
"541",2,10937.2397423859,10930.3578587962,10940.5109214357,10941.8163141725,10926.8254963327
"542",2,10936.5998791175,10930.1960475944,10930.7527800508,10933.8708976232,10929.5068511849
"543",5,3768.60878459501,3771.98921088361,3773.5018057831,3779.90107170363,3768.1986718199
"544",4,1317.77979965643,1319.75351054309,1314.88720955077,1323.06465267981,1326.29778687096
"545",3,81.4120586645173,84.2068646473112,83.5120577996681,87.288010615709,80.6197134263591
"546",4,1323.77973403178,1327.07057020185,1316.1010212449,1328.59055567443,1319.45101223216
"547",4,1316.35322645587,1325.50148930816,1327.13570149505,1321.97004583895,1318.92837642174
"548",2,10925.6618689349,10930.2394814424,10931.8704397797,10932.139560824,10934.2212524157
"549",4,1320.60437103256,1321.10008028775,1321.8569651628,1317.78380955607,1320.80412525696
"550",5,3766.24069619832,3775.85452129564,3775.01653772494,3770.56118124256,3777.55511112289
"551",2,10930.4470575112,10928.1667487548,10929.4200261773,10926.9912317992,10933.48881214
"552",1,61.0363196461835,58.9715009194246,60.200562970545,62.718722311666,59.7043440042536
"553",5,3770.46299820144,3776.62187912758,3779.24263829489,3769.2147682501,3774.40373462956
"554",4,1325.69627585949,1330.17309801096,1326.74842202971,1328.09786644605,1321.31719267688
"555",1,72.0427912388093,57.4132712763253,52.2196076645339,61.7011217050812,55.8521533290696
"556",5,3779.6095952876,3771.34942349737,3765.43252475973,3775.76378541335,3772.73907308841
"557",4,1327.87884510721,1326.07669367751,1325.1973262383,1322.78871648677,1324.62673248396
"558",2,10935.8881561355,10936.5811721581,10936.3633611671,10940.2553863763,10928.9556591641
"559",4,1314.25921537836,1317.65633471019,1319.16262048926,1315.754844033,1313.30815106484
"560",3,85.5960902952633,76.8868243871984,90.3585904323473,70.9602595874712,82.7321719460199
"561",3,80.2321465250962,78.458719313145,80.3512647256514,82.1938372525722,88.9473108227643
"562",1,63.5959210975521,58.2071351598483,54.4998513545959,59.9566927473034,59.1028905273025
"563",7,14262.0434451131,14265.4952263658,14260.1745619838,14268.3927907592,14266.7806154973
"564",7,14260.4225779425,14270.51677558,14271.1279763657,14263.3647778906,14266.7002706371
"565",2,10924.6409933303,10935.7021380164,10929.2035747184,10931.8128181225,10924.8509843846
"566",6,304.909799348611,312.366656650513,302.276341708798,303.137304170808,304.247779258195
"567",5,3771.67656909393,3777.4371101188,3770.34726687465,3769.30923115119,3796.11161658055
"568",1,60.0970764087097,63.0946864205124,59.1874344210224,63.4790592873022,62.6884040347579
"569",4,1327.29857862498,1312.35910663801,1319.56713848296,1320.91426610621,1323.5746715825
"570",2,10938.2451118803,10927.4044010785,10922.7592037797,10939.4058169021,10927.1662500941
"571",2,10931.4523797467,10932.3845957808,10931.6806072027,10930.5094855622,10929.4767448389
"572",6,302.25006420065,305.738020651397,306.865957115102,308.662504767184,301.857669880019
"573",2,10927.3668610697,10930.5672844373,10924.0177020687,10931.6734888695,10931.3206080551
"574",2,10930.94423955,10925.9694690972,10920.4399604217,10933.3390000619,10925.1531265949
"575",2,10930.13494714,10942.8907432121,10927.1319265669,10929.2063353894,10920.8934835063
"576",3,77.1996422373762,82.8263614093174,88.8301351407067,75.179000027185,75.4170464664446
"577",1,64.5833320203411,64.3847174720324,64.776241531518,60.6616882265572,71.2234837247676
"578",7,14265.1336862872,14262.587027057,14261.9501734923,14267.711320859,14257.0453682986
"579",3,69.6865705825235,83.1996337913431,79.1985811716315,84.1292236000379,71.6185738567456
"580",5,3770.47386410839,3773.23611355834,3770.65872217173,3781.7380924746,3778.07167053227
"581",3,78.3305258290985,78.3396807317995,79.5974696045517,77.972088173744,91.8857043603457
"582",6,303.243542787399,303.462422203169,306.29050371009,307.937736216693,304.398133475131
"583",1,60.1132169008612,72.4059221035387,66.812944183144,66.6830189460162,60.7444383662019
"584",7,14260.8847361945,14260.6259192536,14262.905840318,14270.1731927909,14261.5124181771
"585",4,1314.26677927147,1323.79659518253,1328.49880119736,1316.8363025472,1313.20042518625
"586",4,1329.33189137044,1331.92394459307,1317.48306976766,1317.22225845604,1332.21499757309
"587",7,14261.5173735537,14270.2344950126,14263.5018445906,14259.7115057559,14256.4127550789
"588",1,57.1146720376667,65.4741853008924,57.0803023717109,64.2528584652487,59.4539700197467
"589",5,3767.80994575097,3769.75078676722,3775.58856959741,3776.19908597174,3783.80714428692
"590",2,10929.3126630218,10926.7145017591,10935.3734798431,10933.5109956766,10930.0844434343
"591",6,307.469805299106,304.952441142749,308.077448882853,304.481831337079,313.697903325038
"592",2,10933.4765322168,10921.5621692025,10930.5730219257,10925.4305879521,10934.7756833938
"593",6,305.595981522593,306.188267820572,304.368832688631,302.775158507361,305.279944326578
"594",5,3764.20670348204,3767.02708963607,3772.88821033715,3780.21142854265,3777.68562125235
"595",6,297.700429087107,308.692943987833,310.166849442383,311.179998468251,315.681439561337
"596",2,10926.3582380049,10925.211432436,10937.7878845223,10920.5214876529,10929.8709216107
"597",3,74.8019623985047,82.1430558818348,75.4677505096961,81.9296956071723,81.1352190095384
"598",1,54.8423991790073,57.727427151301,59.8400644058817,60.1000262492504,66.6853811442965
"599",6,303.821607307897,303.426508524226,302.363915882415,308.876242165033,312.213032524454
"600",5,3771.60771414563,3768.62025380424,3773.32122658701,3771.27693114721,3768.45107902896
"601",6,304.07055105253,298.41544528653,300.884619404266,304.175015645834,305.775794646031
"602",7,14263.6062063853,14262.5974279741,14262.3615327197,14261.5337553829,14256.6833215825
"603",3,82.283940717806,69.1382057022307,73.1463249924505,72.3369221783836,84.467049654018
"604",2,10935.4687564554,10935.0824808824,10925.6395331636,10923.3837586232,10922.5996592727
"605",3,88.4572357422511,72.6281757471893,81.4640214821493,77.5652280170028,76.8418249985935
"606",6,302.819650667008,301.982134727482,310.132940277638,301.769624579538,306.119702160421
"607",6,297.737241737813,298.074808213774,307.212386481903,297.292913207931,306.778679118134
"608",7,14259.0687342523,14262.7813261506,14263.5656624943,14264.0974935969,14265.4957618037
"609",1,62.4900531368354,64.5515553566548,55.928931583872,62.0027569966971,59.5049659941747
"610",6,299.237777272463,309.363867302444,305.607407651028,311.615896042963,306.920110054632
"611",2,10933.0453362486,10930.5256737371,10929.0377062919,10930.4064906439,10939.0724055813
"612",6,312.542850470571,310.469843550237,306.415709798732,312.694306152862,310.869501608821
"613",4,1327.98601343809,1329.43599455926,1319.194904757,1318.59865972191,1326.3969579953
"614",4,1315.47290990246,1323.63586738854,1323.03771419237,1316.86296417454,1312.279171304
"615",7,14260.9320307735,14263.7442607996,14264.7792803837,14261.8482274251,14264.17231389
"616",6,299.222777881903,311.907932557194,304.095751437038,308.488052688646,313.368290779382
"617",5,3778.89471225497,3780.50685961088,3778.56472941413,3780.33408830691,3780.04922243562
"618",7,14263.2806416141,14264.2996797777,14249.764222271,14265.2813577168,14259.9214132191
"619",3,84.8810507213368,80.6528689878453,77.896265781624,79.3663424835503,75.3114654633351
"620",2,10934.6508784039,10936.2819808976,10932.2501664495,10932.1208119918,10929.644418858
"621",1,75.1955664454454,65.4504526054192,64.1030090685624,63.7270332854946,54.7660081771275
"622",7,14262.3847589731,14259.2530356798,14271.464757801,14258.7844071722,14254.6942114481
"623",2,10922.8935972433,10929.5914598417,10934.7932292004,10930.6627970284,10927.8027686706
"624",3,77.4761666860842,79.2426299490301,76.4620695201238,79.9039294293559,74.8962013795415
"625",6,314.089960541472,299.546731858824,301.943292760706,304.09340785257,308.801740833307
"626",3,80.9659060361258,78.0490556112931,81.3372531987968,78.1474057880902,88.9541810729725
"627",6,312.446699055194,301.482681313093,301.068061001114,302.379885315118,300.104371470686
"628",2,10918.4625166738,10922.1985342634,10934.4753075284,10930.6164438661,10933.9763576031
"629",4,1322.17232542192,1319.22652620443,1319.95488293792,1324.90789754832,1319.71408355401
"630",5,3780.11408917313,3775.31173820239,3776.16609404356,3772.0579623716,3769.61357284582
"631",4,1334.91657791347,1317.81219192619,1317.01583010315,1319.07109342547,1324.79565047625
"632",7,14257.0085243417,14263.8547107615,14257.0196404412,14271.4741988197,14263.2875185863
"633",6,306.052902388078,315.363158485711,308.414998847286,309.034627883375,306.409575165846
"634",2,10932.2013674112,10933.7226482653,10929.1210308055,10927.1025519141,10928.6141542324
"635",3,86.4420700249376,86.1544019724104,82.24286979722,84.4920971021761,80.0397746027132
"636",7,14264.5397576079,14267.8291978188,14265.4219000708,14267.2205474612,14259.4610650935
"637",5,3773.43786605451,3774.82159633757,3776.82446431886,3765.08924100893,3777.73007839833
"638",6,307.350047410056,316.899363747854,304.99858026321,314.655035340072,308.111856338092
"639",2,10930.5018696616,10927.1641823789,10929.4519635384,10927.3551261351,10934.1972425838
"640",7,14262.3929654682,14266.8887485772,14272.1750437309,14267.9169406218,14264.5358353299
"641",6,296.123807123239,310.921707077305,310.764738233695,308.454049003194,304.592207356096
"642",4,1327.0041127648,1325.86937825186,1318.89164089706,1319.06056667188,1323.32115525806
"643",7,14267.402449079,14263.7869965671,14259.8434655697,14259.9527304112,14257.9617563812
"644",4,1331.79025946146,1319.09842977091,1314.54252061496,1319.54722664993,1323.63148345486
"645",3,82.6048273880694,77.2691651025515,89.386962473744,84.3815045362213,78.2890295982149
"646",4,1318.55324665198,1311.79463144781,1316.65090176054,1315.38768503123,1314.23604025273
"647",4,1323.05955566729,1325.33795251562,1318.95858000202,1319.36092779907,1319.2374079842
"648",7,14257.7503770596,14266.8531209011,14259.3926188002,14261.5112848306,14257.439198296
"649",5,3760.11940722076,3781.45459502571,3768.80141665917,3771.18381287247,3772.38735403659
"650",2,10934.7377841701,10926.4655241935,10934.3562017007,10937.5269601831,10931.8462481398
"651",6,305.855741031853,314.833669174905,306.040832740888,313.210955320362,302.740681155594
"652",2,10917.7681823474,10930.2940557023,10933.7358256456,10937.0176560174,10925.9189724939
"653",7,14264.198868594,14260.6590028376,14269.5735681026,14264.237109003,14267.7457880228
"654",1,66.9180433645833,64.9571779213741,60.9824421033237,56.4038141572067,69.6100206134297
"655",5,3773.46203623382,3773.39624490737,3771.72284117241,3768.84648723316,3777.61787168092
"656",2,10935.0852418218,10930.6325353938,10935.3886779857,10933.8253435801,10927.7014756389
"657",1,64.4872959897352,57.8377041640539,67.7758820166333,60.9802081739813,59.5126370070655
"658",1,58.135724861312,63.4536587188545,64.9662854751677,62.2506784154258,68.1100160338994
"659",1,62.7739905071962,61.1138390773845,57.1817208606812,67.3568143613558,54.013883576603
"660",3,78.5057857101788,80.6358925581149,74.7722750550503,80.3391523327408,71.7769647646146
"661",6,312.487960227392,311.658559684134,311.283307850123,312.542463532234,313.364414041728
"662",1,62.1706304924497,58.3712542016372,61.6055286076953,60.0432233561436,65.9001536259271
"663",7,14259.8910918951,14271.3370362928,14270.829207596,14264.9747582643,14263.2953145026
"664",1,66.5294071773274,61.2876832037415,58.0246548063916,58.5353469516788,67.8348345236687
"665",3,85.7685917394627,72.4691507468909,79.329435370973,81.4748449196588,82.7607143242615
"666",7,14267.3050345387,14266.3640932077,14266.3784606148,14260.6930723857,14248.8238371698
"667",4,1328.58489906015,1330.0478771986,1320.07277330061,1317.11884205494,1322.59116503504
"668",3,78.4178413942906,74.881290756631,80.9253064771062,89.7378011698968,92.4299293150869
"669",3,82.4170932537264,78.9253371720574,85.8796877125177,83.0319275804981,77.7219674286909
"670",2,10938.9161011296,10937.7369093711,10931.793310816,10925.2623130103,10935.5767212509
"671",3,74.14991364149,73.6491106324369,77.5952682611988,78.8226253160984,83.9223590580971
"672",3,79.0511978029936,79.1278050921774,85.8064714004064,72.757963858712,82.7791790774059
"673",3,79.6281611332192,76.9976960229942,65.6804333829941,87.2231258456851,77.5638117534158
"674",4,1326.39635716918,1324.39689719482,1332.18090219345,1309.90644575854,1315.75660742704
"675",4,1324.56119022599,1328.44834037444,1320.72152702302,1320.13851844942,1320.88711399966
"676",3,78.0898277780618,80.6664100836246,78.1418579585586,79.136924470945,75.9301908146714
"677",5,3764.29282925035,3768.80097370386,3772.60356836166,3773.94330148997,3771.71618674357
"678",5,3771.11503690989,3782.84152403151,3776.95109117683,3779.13804332791,3777.95139497478
"679",6,312.139507730548,310.137358630779,306.165979047424,313.046846486344,310.681395605323
"680",7,14251.4344528877,14262.131279942,14271.4424969551,14266.4343923526,14258.8093250065
"681",6,305.266533095144,304.532705274068,302.358223512946,308.216344762912,307.714729670497
"682",5,3772.70392108587,3771.68381308159,3764.90137299525,3769.59525525151,3774.08821629766
"683",5,3770.49914885388,3774.17812467794,3768.60213337946,3773.02261782776,3777.45865934928
"684",7,14274.3282035165,14267.0785354789,14265.1876905973,14270.4895329586,14255.3270654886
"685",1,57.6236926008741,56.3951198008284,66.6953982409949,54.619755574771,64.1295552721113
"686",5,3776.65065798336,3768.27936976547,3771.97009117391,3773.57428277678,3775.16489708693
"687",5,3773.47511220748,3762.07957815256,3771.09819411129,3773.67804986432,3770.1949627338
"688",3,77.5804115468762,75.70944433933,91.9085100109264,78.9310253260078,67.705832365724
"689",4,1320.65020558939,1326.4877693389,1324.73171836876,1318.56912772365,1315.71055148342
"690",6,306.496957298129,295.59121360841,316.753932509647,303.205196708003,303.475214526253
"691",3,70.724345430632,75.7971252576503,73.2299972819252,76.7074464896419,67.2806361942198
"692",1,65.2637874894812,67.2567598838442,70.9192978123181,65.2832068529931,62.1923211475983
"693",1,62.8943519215511,65.7560846339332,54.5067723091002,61.6259348395644,61.8954586404818
"694",2,10934.8713897328,10934.4769360562,10922.4601166823,10926.9323146922,10933.8473204772
"695",4,1319.11691845325,1327.22178920624,1320.69682637071,1321.53261132563,1319.64627345968
"696",3,78.2327047983861,82.8116681254598,79.3486134200907,78.2337197686258,80.3578109495763
"697",3,82.0119127084633,79.4761498646552,71.1512483533464,88.6738553294424,76.1856371812296
"698",6,302.030589595731,305.34986625472,301.663829552008,306.593717009866,303.762878981997
"699",2,10937.2191380159,10933.4715884325,10926.3816862128,10924.2122043989,10930.0014601672
"700",2,10928.231281983,10925.5368747529,10936.1049878369,10926.6563530315,10927.1533223663
