n,CLUSTER,X1,X2,X3,X4,X5
1,4,414.2745514,183.3136001,402.4611169,204.6297912,182.7706658
2,4,408.8584189,188.10481,400.9473064,184.0064646,179.48855
3,6,884.2985321,245.3785073,896.8775298,204.847048,208.3224983
4,7,923.101006,98.61223198,945.3056057,93.05507174,114.8918808
5,1,997.4202087,342.4802688,1012.344236,334.3933897,304.5472285
6,2,977.5764401,377.6302815,1020.040143,380.7610478,415.2647187
7,2,1016.713638,384.4684282,974.2994883,368.500893,378.1202199
8,1,992.3572392,350.3463922,1001.506518,310.2437973,323.4046182
9,7,954.2919755,103.3045436,931.6490625,82.33631517,130.0882777
10,3,978.5898509,355.8828228,986.8033249,352.5000154,326.1420023
11,2,1004.357807,366.6595385,1017.073005,376.4527334,368.7486359
12,5,617.0414635,308.5102059,636.1741334,314.752484,330.7538423
13,2,969.4670392,416.1223639,1011.720638,368.6084051,395.33916
14,6,879.8154513,237.8269387,854.4857232,216.0430947,232.2007152
15,6,936.6090736,220.9600728,911.9710626,239.8234123,241.212583
16,5,674.8518713,333.8030586,674.3505415,366.2366283,336.0656985
17,4,416.8677588,191.1977316,423.5382941,175.7520502,185.3475722
18,3,983.549979,321.6188802,978.628143,363.3748115,347.7891201
19,7,930.0893767,113.3879201,909.6376925,93.5835994,89.6227098
20,6,892.4860468,231.588447,884.5291027,259.6978749,242.9678845
21,2,999.4853728,403.5746641,1005.727128,396.7558657,397.3635051
22,2,990.6394377,381.7062765,983.9820667,409.5801206,370.5947779
23,4,415.87738,216.7151672,415.8044301,190.4554961,213.1198918
24,7,912.6178498,128.8513175,907.3244467,91.82466154,86.49736044
25,3,1006.526554,322.8136644,956.5986235,355.4201364,344.4503057
26,7,927.2708324,93.98991337,917.3419872,93.55390116,87.98658246
27,6,890.4906584,235.794946,870.6260465,237.1645064,216.4201657
28,5,674.4599297,322.3742116,657.5173541,315.3562261,331.5044301
29,7,944.3685973,95.09865305,909.2703372,119.456141,116.3038801
30,6,900.7816002,238.3605235,875.9237447,209.3104225,196.9002117
31,7,949.7581993,111.1961543,975.920899,100.4655404,114.0123518
32,6,898.035414,212.6584274,902.0255083,211.481226,231.0806902
33,3,965.6201681,332.3660773,995.1434461,345.4527077,369.343673
34,5,661.6111983,344.7359113,603.1324392,330.7478349,299.9463097
35,7,944.4899219,108.2275703,946.4942815,89.45064659,112.8917345
36,1,993.6847634,313.6746275,999.4336525,308.3765737,298.2668912
37,2,987.8683087,384.267765,981.9650997,377.6026855,372.2394323
38,1,1000.842097,316.7932297,1002.604793,315.3606507,314.7267437
39,7,920.7255543,95.31607348,936.3570863,89.43949031,83.70278503
40,5,633.7515369,326.7591562,642.8490817,334.4453606,337.6250984
41,5,636.1165663,339.521723,664.5991846,309.9559137,357.8486196
42,3,975.7420644,339.5561309,1001.357599,352.1072278,337.002663
43,7,922.6250363,114.8594828,937.1613154,99.26234472,110.8074245
44,3,974.7477705,358.795342,1023.188727,351.9244212,345.5969685
45,4,422.0539146,185.3523847,417.9499439,194.7782178,181.9139053
46,1,995.238615,336.1716942,995.9986085,335.7914988,338.8374717
47,7,934.028228,113.8810202,920.7944393,103.1987521,107.2160503
48,7,905.7163088,110.3549481,950.0639081,112.8202254,118.3144631
49,7,935.6796972,90.54921321,968.759919,106.837693,115.3248584
50,2,991.6394664,377.7126996,986.2897906,383.1687131,379.734276
51,2,941.1681348,371.3691541,1037.574156,375.4998445,373.7228755
52,3,999.4616128,345.5389957,1017.610841,354.0066398,374.1658098
53,1,1022.046116,308.4474756,991.6455032,306.365672,334.1521649
54,7,934.675928,101.2347651,921.2916607,87.22019599,116.1210158
55,6,958.8947815,227.9109016,889.4791775,206.4375769,238.0442721
56,2,985.2085328,372.1438877,979.8856825,392.474361,381.9166
57,6,850.2902539,211.3240584,883.3249777,260.1500394,224.7054663
58,7,946.6433867,112.0465496,936.3758778,106.414439,110.4900939
59,7,878.0737326,103.5284042,912.5399708,91.96794226,105.7024187
60,1,995.5243136,309.5492775,1014.480876,307.4240418,312.9295432
61,4,409.8524648,197.7882245,413.1704805,169.4595611,181.7045715
62,5,636.6411329,335.8134561,635.3443015,334.9420029,338.718857
63,2,988.7327515,372.8569482,986.600818,348.0137719,392.6893077
64,5,663.3829315,342.5936745,645.781457,333.9242169,320.7910279
65,4,409.3065131,185.8517029,386.4930776,207.6403355,208.3194453
66,1,994.0907629,304.5429776,1008.846943,309.0295253,323.8551181
67,5,649.2439707,333.2253886,627.0464426,339.4870699,333.2559211
68,1,984.537497,313.3254023,1006.722749,313.5712008,330.3142879
69,1,992.4774436,288.1789862,995.9798826,316.8619862,308.1529874
70,3,980.32152,342.5095538,967.5229024,345.1214261,347.2431127
71,1,997.2239321,320.4516279,995.7503346,321.0351797,327.9036329
72,3,944.1670472,338.8648607,1020.521695,355.5092019,311.4304515
73,4,401.38563,182.7503831,382.7599423,198.5817735,187.827058
74,3,985.5243037,339.6344983,974.2908943,327.5903021,360.0656527
75,2,973.035076,386.9263248,1001.244349,374.0130349,393.06826
76,5,622.8264069,321.3680607,630.5209622,310.1401316,289.5662475
77,4,407.5383886,188.9490934,418.5982859,185.9125403,185.5409359
78,7,933.773989,103.7088705,904.398766,83.44900389,118.0408302
79,1,976.8523107,338.0553752,975.5607473,320.8487672,297.8746844
80,3,998.0633444,358.2023957,990.7909408,341.7522147,342.1228899
81,2,1010.5157,373.5817358,988.9026267,370.4967273,368.4847144
82,5,616.857279,305.4644869,632.6036021,304.028609,320.7974668
83,5,629.3638557,324.5687495,632.7062645,326.481553,319.2301092
84,2,1006.077569,397.2681992,980.5761714,379.3376548,343.7568822
85,4,401.2220975,182.772325,409.9674126,173.0990474,186.1474975
86,1,993.1892432,328.2291325,995.3080235,302.6557923,315.7831251
87,5,641.071121,303.3612967,641.536764,320.5217683,338.3279794
88,7,928.3918052,104.2906156,939.2321758,86.8868481,117.3368136
89,1,991.7645845,324.555864,1011.84449,329.8449575,318.2051889
90,6,896.3724993,229.2558975,908.0633587,232.4793451,222.6037564
91,1,1001.912454,315.3219889,1015.21221,338.8620805,340.0279647
92,7,946.11011,115.8571025,930.8055718,112.6979033,109.8873457
93,4,419.1079583,203.7412799,394.7750617,191.0774491,190.3724523
94,2,982.3426355,364.751965,1010.338405,362.4142279,392.2342826
95,1,998.1571698,317.2261099,1014.81324,304.2390248,315.8766262
96,3,994.265827,381.9083549,988.8386884,336.1609445,338.4310163
97,5,668.0171963,315.8635544,638.4896977,326.3430987,310.1491082
98,3,962.161935,345.0244329,996.399551,332.7639907,351.3302041
99,2,1012.295548,397.128274,992.8727778,385.3205679,381.1435115
100,1,1006.783485,314.5731758,985.9475619,303.2810246,303.7502584
101,5,676.20831,327.6120923,634.1234074,317.9862028,316.863594
102,3,1008.215275,328.7326767,977.0478615,348.2215559,366.9117624
103,2,1009.529857,373.7273835,1003.253986,388.0500395,354.5189026
104,4,386.7297281,181.1257991,418.066254,177.1130908,196.8716937
105,5,600.8301086,317.7183895,628.0330551,332.4779708,318.3159794
106,2,1021.582975,382.4307767,994.2801366,381.3466274,367.78051
107,3,971.6315451,337.6199539,986.5655156,342.7810277,372.9453497
108,5,634.76615,328.0543415,654.5675456,288.5751477,320.0108305
109,7,935.4013681,84.86149623,922.1657948,88.67295932,103.2105343
110,6,886.5490337,221.82569,886.890036,220.4719032,228.6506514
111,4,391.5961154,206.7408895,392.2381581,190.7907537,209.7122115
112,4,403.2852538,181.1690123,412.6874935,179.0700466,177.2174996
113,3,962.0668165,334.6269608,1009.006816,339.8742731,341.285912
114,4,408.6438721,190.7709606,412.6502368,199.6768141,197.7588133
115,2,1016.60379,372.7131401,979.3331733,392.5832534,390.4402141
116,3,950.8925574,346.787561,993.3578683,355.4937025,370.9263363
117,7,951.54639,98.93585647,899.539814,100.1756429,103.8367127
118,1,981.5443822,319.1918271,997.1255067,310.156262,329.5683412
119,2,1022.931792,403.1041355,1005.727546,373.1795015,393.8416588
120,2,1003.203141,375.1429463,1007.716945,362.7201111,382.67762
121,7,913.9481625,97.22817329,916.4942007,97.097959,91.34096236
122,5,667.6095968,343.4247061,619.6833722,326.5832766,313.3419522
123,7,946.2361468,100.2064111,909.6223671,101.1137613,120.6354434
124,2,985.6932378,363.8335432,999.3715934,395.7954406,388.72797
125,1,1014.029101,307.8136265,1020.963731,338.1273258,320.5842345
126,6,888.4620617,192.2926493,895.214141,229.6044907,209.3862797
127,7,898.43335,104.7002676,928.2710577,105.5046279,97.06766732
128,3,962.5430351,347.6846776,997.2242294,366.0880354,356.6128065
129,2,956.7230939,372.8688541,998.217613,392.1028896,358.9504572
130,7,964.9734795,108.2139364,943.0562664,95.97143443,87.73670807
131,6,900.3829026,219.9544032,893.7968108,227.2706388,228.7094564
132,5,660.126665,323.4807297,653.1818324,334.1378334,314.6721205
133,1,997.0752958,310.2832984,1005.880204,306.0951464,338.7349142
134,6,878.8489497,232.4937562,879.8633279,233.8244737,236.9222076
135,7,907.9747277,116.1495053,951.5478829,83.59002982,98.49194599
136,3,980.7990249,369.1919896,973.5251036,342.4499243,330.171677
137,1,1006.698221,332.3917147,995.6199939,317.3954486,312.1336647
138,1,1005.803817,319.2722569,997.3251813,332.4072141,299.3671618
139,2,1019.655921,384.6772153,978.5421063,363.61106,376.4704352
140,4,398.2901688,206.7619975,421.659387,181.5887838,198.9734926
141,6,899.7725612,228.1630417,924.0600256,203.9732079,200.2326025
142,6,908.6726085,232.9484901,883.5635904,218.944489,216.7504364
143,1,1007.004486,338.2854915,1008.842708,325.3097239,316.4697621
144,5,619.9929491,328.1980317,646.0107441,328.6709746,340.0392333
145,7,925.3754356,133.623094,947.014619,91.62757428,96.68706744
146,1,1003.13656,290.3127481,988.4738908,327.5990272,322.8329797
147,7,923.0784582,114.6018239,930.6411889,92.35471477,107.3153304
148,3,983.1301243,345.9919366,982.1073562,346.7353124,346.6730204
149,7,909.2240813,89.31886248,913.0606016,86.03968508,95.09526355
150,6,886.3833717,224.0691098,942.1029516,244.4002343,206.035791
151,6,898.0932987,215.5430849,906.119679,232.0323967,243.9909448
152,4,410.3220651,183.3963883,402.6805741,213.6056835,207.380644
153,5,644.3103143,325.3887271,650.9193797,343.7308308,325.4374074
154,5,630.031859,321.899646,666.8614224,308.0738343,323.8022935
155,4,403.7525814,183.0177717,395.2920245,202.1376127,160.8363489
156,5,645.5593828,339.3224108,633.6189787,324.050861,317.4884533
157,3,990.5073514,347.0989566,984.4660347,330.5071137,349.2251118
158,4,414.9706333,165.2379558,423.0178554,184.6064822,175.4818226
159,4,418.3322318,196.7940124,413.0189327,193.0218094,175.3800282
160,1,998.8400087,307.150026,1000.203274,334.3158613,332.7668673
161,5,631.6524269,319.3816096,651.7760982,303.6411686,302.7880978
162,3,1011.323745,366.6237062,964.3511099,334.0208733,339.1337142
163,2,998.3903632,375.7466145,983.8418773,388.7390505,380.3289701
164,1,1006.006792,308.7430586,996.407793,321.3171295,340.1455848
165,6,908.7817952,236.1554028,917.9533441,212.6557678,213.8254941
166,3,978.5846113,356.9637108,966.072676,348.2841278,337.482755
167,1,1014.434627,330.6261031,1012.802002,325.2588724,301.9113178
168,5,675.8374243,348.4043407,678.7200516,306.9073284,315.2101489
169,5,659.3526626,306.999914,646.138893,317.3448818,316.3576499
170,6,878.0432003,218.579272,836.1353092,207.2307895,237.8446408
171,2,984.0644773,412.0527478,993.0354814,361.425428,379.0608523
172,4,414.4456534,198.4366175,413.427751,197.6078016,211.1728384
173,7,918.4211887,107.4089523,924.875504,100.2987954,106.4499072
174,5,638.9717999,317.5138082,693.5258326,306.2419009,325.8319293
175,7,953.6246156,71.88933503,937.4189323,96.80398333,108.2264435
176,3,984.3099149,352.6887511,978.3725401,362.6594786,321.5438046
177,5,623.0561804,311.1585865,656.4122498,345.4459348,319.0880518
178,1,989.997817,323.8147322,998.0822546,323.8822521,323.266332
179,6,872.9004759,218.6289566,897.0077702,256.5567367,197.0571188
180,4,424.1289959,191.8310022,427.6271612,197.5853051,189.68781
181,7,911.770525,113.9273012,978.7029405,116.6203448,93.85523105
182,5,655.2290018,327.3702337,655.3665631,338.7986841,318.4919746
183,2,1006.43871,396.3472317,992.7972892,367.1959782,367.811544
184,7,926.1655324,114.3249313,894.263837,94.81729613,91.13236279
185,4,407.1453602,187.1618867,411.3662036,201.3610119,198.5269137
186,3,998.1333006,328.0984468,986.4454717,336.6966317,353.3609951
187,4,405.6185048,185.8922221,405.8409766,180.9490323,164.9947681
188,2,1019.509617,372.7995931,966.9131298,380.5758057,396.9411937
189,3,985.4450604,356.8381067,981.8121044,359.5566629,348.0148123
190,4,397.4721019,209.3871542,404.0123785,195.287923,188.0764177
191,5,652.8724843,323.2217063,659.1598351,324.5418767,313.759872
192,7,958.7865339,133.0288997,946.7099024,126.1598175,103.9832166
193,2,989.8145402,396.5123704,974.5783386,388.6351485,371.7730501
194,4,411.1846067,204.8331136,415.0796273,184.7628655,185.5377529
195,7,966.034869,116.70611,895.2631184,96.42587705,95.61526804
196,3,984.2759429,349.0792516,991.7194488,369.3487716,340.9207628
197,6,875.7998841,236.0692948,884.9611907,238.5012562,230.7931765
198,3,983.5995183,383.7304059,993.8605813,362.1909053,344.8099051
199,2,1018.13736,378.0260798,986.8652986,390.7260368,373.662141
200,1,1003.141948,337.6498448,989.5068185,313.8071964,307.3054909
201,2,1012.010659,398.8829022,986.4212326,371.4134596,386.754048
202,2,1015.912507,368.5126302,985.2138073,393.9534734,414.494402
203,6,913.155366,254.709674,878.5576556,211.8844415,221.2050476
204,2,976.8642195,380.3279838,994.6121147,381.2661828,405.6523148
205,2,980.8828221,380.1081538,976.9759171,383.6234223,406.6609058
206,4,408.3547253,212.3495517,399.4732198,175.1449947,195.725372
207,1,982.3662511,303.4500522,1016.494429,302.2254607,339.5591342
208,2,985.2598386,391.6406011,981.7474077,375.5894105,382.1973369
209,2,1005.258839,393.4109305,995.2482485,369.4204438,398.3694595
210,4,399.9870588,180.2296247,402.0056312,169.5787623,164.6202341
211,4,416.6813475,188.7281524,397.9752166,193.6626186,181.1107734
212,5,632.6542339,345.2985171,643.2051818,303.2596254,344.7907844
213,6,890.2316,222.1176687,882.1704939,213.5573298,213.8858126
214,1,1001.319331,342.0176675,984.2158012,310.0356707,295.4953528
215,6,948.6276963,226.5686589,841.9618846,201.7648642,257.4030613
216,1,997.3869646,293.8743312,987.7839463,316.0104478,315.0964343
217,1,965.8264746,318.4373098,996.3626742,323.8943276,299.9074602
218,1,1014.813125,284.924149,1011.103005,321.2032055,305.0814674
219,2,996.0811722,344.9343051,992.6596066,370.8078372,398.4528839
220,5,625.7223721,341.9182093,671.9007563,304.0776409,322.296972
221,2,989.0028405,392.5381051,999.1569063,364.3404706,373.4973224
222,3,1012.844123,339.5573169,964.0521053,358.3346644,332.1805704
223,1,987.7624931,335.1755009,1006.35966,332.4751395,308.8730078
224,3,949.5139179,360.4627173,984.8561433,340.3106794,359.3703241
225,6,892.2006343,222.7689543,887.230394,214.5134479,244.3038685
226,1,986.3952202,330.7566924,1001.450948,328.6839328,337.7143381
227,2,1004.848149,400.7535472,983.5255937,407.73054,375.2495494
228,7,921.9026612,102.7549531,918.8120748,110.14342,127.6940795
229,4,412.1282482,179.2121044,394.7352742,189.7414,196.4975669
230,4,400.3406174,184.2212732,394.5898376,180.5356338,213.1030415
231,7,935.9659744,72.46180874,926.6470726,98.08011742,100.1292962
232,7,904.0816926,97.81332816,929.9695788,106.561987,109.258322
233,5,652.4100808,317.5933606,668.1646021,306.5907995,338.2005064
234,1,994.9620048,323.6697218,995.5965472,317.4496462,341.4179443
235,2,999.2945765,377.1901419,995.9044981,372.9085433,383.9924848
236,2,970.9561121,370.5555239,953.8531172,382.1981439,356.6424065
237,5,635.906695,331.4489901,621.6491018,321.0653544,323.6447663
238,6,924.303287,230.208407,900.3249531,217.2695929,207.8108194
239,1,1011.002883,333.2551082,1002.938857,314.4972208,347.4761371
240,7,953.0661779,83.73599127,911.6688108,93.30445943,115.5870792
241,5,664.0403096,314.6552162,669.3122294,317.9914565,298.5813368
242,2,1018.547158,362.2717989,965.40411,376.2711887,377.6718556
243,3,997.0073562,340.6924115,974.7662619,338.9791545,328.4614571
244,6,871.1424234,224.6081563,889.9900834,251.3285407,220.7735928
245,4,408.6202535,170.6056668,404.9066672,170.8730466,197.4730419
246,6,882.8870224,221.832629,886.5579264,223.1144571,215.5216262
247,6,929.5686987,209.1591402,894.0101641,236.743634,226.8932208
248,3,982.8394736,318.9660769,963.5209342,360.692685,346.8035215
249,6,897.0235829,236.4953694,844.6134361,238.4860872,229.7521121
250,4,402.315702,174.3900839,411.60017,184.7095526,195.0979278
251,3,962.700608,370.1951705,960.1707946,335.9241391,329.3033959
252,1,1009.328325,330.540316,1015.610973,306.0961702,339.5168905
253,6,879.2370475,234.9136479,895.2746637,214.549968,225.6869271
254,5,659.2039745,341.214869,668.459654,321.1787113,339.315308
255,5,641.8372519,334.3601296,643.6932416,351.9348733,323.5730479
256,4,391.6361582,197.5072876,402.1073074,201.1681019,185.7859229
257,5,618.705836,319.5427193,659.1034844,311.8515163,349.954795
258,6,890.8508627,233.5147079,903.4542354,225.6402726,220.645884
259,6,883.4354704,218.887891,910.0105044,216.0903752,217.9225018
260,5,629.1923162,295.8737183,627.1595926,360.6417813,317.2135501
261,3,1039.497191,329.2940718,1005.645564,357.4970375,364.5506731
262,7,931.1648423,79.6080231,931.5582416,80.52362449,90.65649889
263,6,883.6262865,216.9439808,913.6900165,213.1564059,232.9096239
264,5,656.9043798,317.0123405,637.4231549,332.3877833,303.4503134
265,5,634.7314567,315.2681134,640.2599643,314.724458,340.4967965
266,5,683.6248048,319.6639954,625.6729315,310.4454729,338.623808
267,6,901.3253932,197.9476578,894.283561,232.739462,217.3463367
268,5,678.4361516,335.7995671,644.1116432,336.3551349,333.3558432
269,1,1018.864145,321.9156582,1010.503123,315.2917575,342.5758097
270,3,987.8477434,335.8989244,973.2934734,364.3715319,371.3160276
271,5,610.8045691,333.2290657,642.8472626,318.651454,324.4770991
272,7,918.1996736,120.8287483,924.7993325,92.87414715,117.0932003
273,5,646.6162414,321.1737047,605.4210845,297.7750733,308.914716
274,2,983.0144378,394.7150952,995.3721669,367.9259558,387.5809302
275,6,904.7818425,226.7490627,914.0900603,235.1028947,222.0723307
276,2,982.9935678,348.9547968,993.51689,388.5912472,409.0349253
277,1,1006.336295,328.3126355,998.1752273,314.5641432,325.0809269
278,1,999.4454275,320.1304573,1019.546244,343.0485627,337.9325836
279,3,998.7690256,347.9149727,988.5465582,334.7780696,334.0799335
280,2,985.8339526,383.5509838,992.7763714,390.209491,373.2875023
281,4,395.639728,191.4960425,411.1607901,191.5380474,190.8201095
282,7,931.4516512,106.4963866,952.8398177,99.18812285,102.2932553
283,5,654.595489,345.0516162,691.8437209,329.1199173,307.3550819
284,2,1006.031025,363.1870127,996.2631871,369.7856245,399.9853487
285,1,1005.732816,311.4041649,986.5512527,294.5717802,311.8381485
286,6,903.1413341,204.1523008,935.0092541,214.7513745,229.64012
287,3,1006.306414,357.2987368,973.9304184,369.0079114,356.6719971
288,7,917.2010683,108.1968706,993.7035661,97.73359255,89.82300798
289,2,996.2566521,379.5589283,977.9942713,383.0593324,383.1334964
290,5,607.4326439,331.9972659,645.1874526,310.1067172,330.3636062
291,5,620.6357745,334.9318413,589.3772551,320.3355478,322.0122688
292,2,996.8687874,384.2253144,985.6061002,389.8135612,384.2482913
293,3,992.5130595,376.6548837,981.3440273,338.6736089,343.1098774
294,4,402.6039934,208.0828375,387.7572901,191.4992645,180.2302805
295,5,655.6096828,324.7230764,659.0598516,308.2445928,308.5083031
296,4,410.1337681,159.9866354,413.4059322,173.575634,197.5927096
297,4,400.5824411,180.8266485,391.5568763,183.5762826,198.8546536
298,4,404.784844,176.6670703,402.832427,179.1678052,194.3514
299,6,928.821109,228.6999152,910.8760512,208.2236152,239.1262781
300,3,962.0310202,325.7220032,984.3199335,362.8510732,356.2822013
301,2,1007.789914,360.0306228,1000.829084,375.895869,343.0881184
302,4,401.9630152,214.1660063,430.2044728,208.388148,213.4565484
303,6,880.1221037,235.0743708,906.479845,237.5185192,234.7725915
304,5,618.1656707,321.1655573,662.3070246,333.5917862,331.1447557
305,7,927.1643008,140.1325105,914.2537922,89.39084739,104.3110466
306,5,670.4325164,335.3380718,610.5195241,317.0995787,333.0795594
307,6,885.8984735,230.9569515,874.8973825,211.5242447,253.0950018
308,7,898.7457607,106.8390645,965.4834799,107.0538463,105.3001701
309,7,919.4693349,103.8601285,951.3399568,94.61768768,84.31090273
310,3,997.9611818,389.495303,994.0790743,314.8171641,327.3371543
311,4,421.1074103,204.4200744,394.6542931,182.8607889,195.4383327
312,5,656.5336081,316.1982612,624.2795849,347.0485231,318.5626271
313,5,634.2346442,326.4195483,647.9484218,309.6249134,343.811807
314,6,896.0888581,240.2062367,915.0298373,218.7513717,242.1785599
315,3,1011.255747,331.0994886,993.547968,381.0293522,364.0532375
316,5,653.9016275,311.1363113,646.922553,315.9308626,314.2289029
317,7,942.6380577,96.95024036,924.2358484,106.712614,106.270029
318,1,996.5844821,313.1514681,997.1714198,315.743489,340.0728237
319,2,1000.801813,403.6468244,995.8181416,386.0557378,386.4991726
320,7,962.0332484,129.3630224,937.8579554,114.9221022,100.4047215
321,7,951.7443719,104.3707343,887.6108334,113.1585099,115.6753215
322,3,985.1585948,376.7173965,987.474451,348.7811055,353.2244083
323,2,977.5258877,390.6570641,973.9024046,379.0274305,406.0923169
324,3,1003.198769,370.9080977,993.5642973,363.4116176,366.1296442
325,2,984.1642202,359.2848828,994.1766233,407.1853325,395.59148
326,5,634.8580378,309.1292127,660.3435775,324.8969065,339.6552069
327,2,990.0306891,389.3208224,1010.885164,394.5066965,373.4242939
328,2,972.9057077,383.8118126,991.9891455,385.2529675,367.0744547
329,2,1010.677545,377.5772313,987.8500976,369.0364184,355.8458638
330,6,935.2470108,214.1783098,915.0956472,244.6272315,222.6263796
331,4,429.0096039,192.8052146,407.0860181,190.2618912,179.7403124
332,3,981.683085,383.3441266,990.2724131,365.64144,353.8349096
333,1,996.8530136,302.5265624,992.3263779,293.5665491,318.6031426
334,6,850.5674874,226.4652108,892.9253995,228.3011805,232.4779995
335,1,995.2055074,313.5891585,1006.04248,328.3177479,329.8318305
336,3,975.697731,342.972931,999.1188529,367.4341235,360.7478893
337,6,932.3615885,231.3080248,935.1828312,224.8226447,212.9646741
338,3,978.9484154,366.5317975,998.8950543,342.5002917,340.153074
339,7,949.96233,93.37194854,946.1724061,108.1797852,114.4090924
340,4,403.9287408,198.2339214,422.3118281,206.0982504,195.0816517
341,3,973.6982079,360.4811831,974.3914715,336.3886021,358.7556152
342,4,397.3929259,212.0807642,405.6400908,204.7389907,205.8728573
343,7,937.506779,97.75458167,935.0621037,115.9051462,86.73691799
344,2,955.5470668,393.1944791,982.275351,383.7271171,393.1946428
345,7,939.1244861,101.164886,926.8241078,122.8232844,108.0314425
346,7,923.3733762,80.38429621,916.4702502,110.4705798,105.3236451
347,3,998.5192888,360.1990159,1004.207887,342.401097,373.8016798
348,2,984.4767699,389.417839,989.7909412,373.0288838,368.5122901
349,2,998.153287,361.9348459,1002.711467,379.7576277,376.0921975
350,3,981.5932872,368.4608055,962.9251602,366.0331012,362.5994069
351,4,390.6961057,208.0833617,394.4007304,181.8936315,194.2839927
352,5,663.5467184,339.0588598,666.0402133,308.5546965,323.7987027
353,1,987.7973191,339.9876924,1007.628466,316.6845917,299.737744
354,4,402.0628911,205.0001579,392.7607425,185.4152567,183.3383533
355,5,642.6946647,315.1601673,656.9873058,315.136462,312.8096118
356,7,902.4198122,122.6054247,942.6166035,85.10253487,113.2335464
357,4,400.5367215,193.9743016,395.4740145,183.10297,195.7168783
358,6,915.2336481,227.1394899,875.9939764,220.5631411,257.2402103
359,7,959.7791073,102.939104,913.6988073,89.01985203,104.9618612
360,2,991.8031994,360.9873122,975.729471,350.5875901,372.3762375
361,5,648.337127,309.0986654,636.1140298,329.6765824,303.4937275
362,5,646.6638106,304.3534112,650.8081778,339.6291298,325.7011836
363,2,1014.325111,372.457795,1011.599354,367.6059065,381.666857
364,3,974.8889053,345.8104419,1011.210599,361.6827394,344.5941187
365,1,1004.639313,320.6651203,1007.916324,327.2510033,331.0847287
366,3,968.7841213,345.0312206,971.6729293,342.9946792,327.9523745
367,5,624.4331566,323.3375466,653.53476,322.9394314,309.5752155
368,6,894.1753941,199.5576741,886.1241431,218.377008,211.0204538
369,1,994.6826462,320.5171841,1017.409486,337.2387395,298.8892265
370,7,910.6607706,97.34723351,938.8872467,103.5273345,107.4430908
371,2,1018.841417,380.6390301,1004.664736,388.0371122,377.3835473
372,1,992.0464742,299.9439626,1011.952633,292.6933197,308.1452184
373,6,878.5725798,241.2163432,921.7407896,204.4871226,232.2711726
374,4,426.8955128,196.0415208,410.4075775,188.6266662,178.5525098
375,3,964.5034721,352.1335313,966.9170965,341.3221805,342.1587831
376,3,984.8639198,332.803778,990.267545,347.9944851,342.0328003
377,6,872.874552,221.0396684,876.2808189,239.8558416,236.318178
378,4,410.174324,193.3452531,402.9549136,191.66781,197.6548108
379,1,1017.591993,312.9052343,993.2143924,330.5009029,299.8664239
380,3,984.0828603,352.1313542,994.8449249,320.0980567,369.9411823
381,7,953.5022678,101.0278136,890.0427568,110.9687568,100.9458324
382,2,983.6201059,398.8703515,984.1997248,370.9675274,401.7739416
383,6,874.4915858,208.8781084,923.2109517,226.2509141,248.2115678
384,4,381.7171655,192.6690419,412.3229275,178.915571,204.4411521
385,2,1002.874871,347.7180883,990.9013215,406.3869799,413.6760512
386,7,930.6310937,92.1236167,891.1701501,105.6286642,100.0456396
387,3,999.3270478,349.6768731,980.0527249,353.8232743,338.8916657
388,2,993.7662604,389.3572029,997.9477366,367.9840443,416.7457573
389,5,639.3964234,308.6792642,635.9337104,319.9955153,334.8523424
390,3,953.4772948,341.8238982,926.6696498,345.3287958,327.0730287
391,6,902.3226638,234.7037902,912.2338917,244.5484716,255.0433733
392,7,925.7822875,105.7812054,970.6316021,107.9414552,110.1117488
393,6,890.430824,230.0819079,872.0801328,243.1184883,229.3163759
394,1,1004.691146,306.857777,1010.889797,297.9773524,313.802457
395,3,968.3002446,330.4375093,977.9384526,329.4815073,361.5145798
396,1,986.753376,335.6271434,1019.747978,340.4401304,315.8303268
397,7,958.4984295,96.66853341,903.751276,92.57024841,98.35208195
398,6,905.4215996,213.388579,889.0287719,235.1091006,228.2208876
399,7,933.0082442,117.6869807,946.0857158,111.1774912,81.01389144
400,5,624.686768,306.7734225,627.1303326,317.3924372,335.0917688
401,4,431.4397129,198.7333211,387.4278391,200.6897839,197.7097549
402,7,927.7884624,100.4205855,946.3697152,94.81693486,110.7384894
403,2,954.5090255,348.1759598,1022.140769,362.9791807,388.7075857
404,3,990.8053956,351.7975612,978.1836588,337.9621631,339.6146064
405,3,1012.316298,334.226272,1007.314734,361.1144759,342.4479165
406,3,976.4617038,346.9224801,978.1247291,372.5017621,356.1414597
407,5,659.1630301,314.1990158,670.5912064,309.2611484,335.4029284
408,4,435.9807351,207.403226,406.4916706,199.7205904,191.9659552
409,1,1007.324318,318.5112405,1009.095452,316.0207976,320.6407081
410,4,404.6970096,172.1349012,392.2341794,167.9487603,204.2071846
411,2,976.0541359,386.2772912,1004.528583,378.0282375,353.1630029
412,7,942.6304296,102.1342391,961.9834257,109.5697058,123.7542053
413,6,882.5263753,226.8191555,891.0882257,217.5374274,220.7548939
414,3,969.938868,352.1205794,1001.619771,335.1101877,354.0460727
415,1,1020.85343,341.2903162,1006.755489,342.8758104,298.9457532
416,5,635.9495965,324.5742503,631.70026,334.6495463,331.599397
417,2,1000.566464,400.5077987,972.6570254,378.4826788,394.3414096
418,6,850.4821285,218.5743893,904.078709,230.7295902,220.8827681
419,6,877.1569577,238.4273889,880.8684121,244.4215863,226.3498459
420,4,404.68784,184.6296665,402.2827936,204.0286425,179.1736383
421,4,410.6554907,185.3405889,414.4383665,173.5816908,189.9645729
422,2,994.1638385,372.2946189,985.6260302,389.0707407,404.7315157
423,4,417.3390587,197.8941771,398.7940281,191.0821734,205.9829028
424,1,1004.058287,334.1884438,989.9315449,334.4162654,288.1161746
425,4,408.0259917,179.9603153,403.6600459,186.8198442,197.130443
426,2,984.2630832,391.2296555,1006.525693,362.4049934,401.6331
427,7,895.8706591,97.70320596,961.3013829,97.9728102,82.86857703
428,2,1004.789218,363.1578778,993.6515058,409.05377,363.58512
429,6,914.7580547,199.4105868,854.3438183,220.4646854,228.4310784
430,7,923.0216251,110.7122174,935.2639101,83.49933878,98.90893544
431,4,416.403851,200.1063844,409.5992355,214.3069868,183.5139285
432,6,901.4527197,205.8956248,913.1274795,246.6146639,225.3395076
433,2,1003.878133,373.8715791,984.8667203,380.4642279,360.9576411
434,3,1006.601455,328.3422067,997.1689345,334.2461035,350.5273021
435,3,991.4928417,316.8357051,987.3771698,345.4086633,350.6131328
436,6,893.3216796,214.3872609,875.1762368,248.7906209,233.6952113
437,3,1023.421775,351.1422895,995.8619512,329.17466,329.6238752
438,5,612.8281684,330.3322607,632.6123216,335.7969396,313.0479695
439,4,408.6161909,183.5894007,410.3612213,184.1786696,178.0281904
440,1,1002.525052,321.1312698,987.4412682,299.3510722,313.0893308
441,1,987.5604798,331.7803897,999.2009862,290.4861274,319.3278834
442,7,911.0343053,102.1921193,941.6933376,107.7897172,110.9986279
443,6,905.3706671,242.9392445,895.8398859,225.9875802,217.3045598
444,1,1001.257952,332.800705,1018.410049,324.0292537,320.3358729
445,7,925.3206737,90.97797266,953.4263139,82.21815599,108.5745908
446,5,661.4770591,320.21267,666.2912501,323.015177,311.527483
447,2,961.6290535,400.294474,994.0902876,390.2920471,391.1024663
448,3,980.2870446,352.8066828,999.6802372,326.1201387,325.3993417
449,3,988.5118321,358.849127,975.2252742,337.5568719,337.2227417
450,5,645.2099819,337.1754018,628.0175859,329.4328485,324.1716111
451,2,983.7700253,382.333147,968.1497697,393.2234371,366.2215273
452,7,956.3537246,109.6155213,920.2839579,88.07738489,113.6836181
453,1,1007.575284,304.2401809,1010.575209,323.8311925,326.1837011
454,5,685.7452705,337.2961301,619.8269199,311.0559647,309.1949535
455,1,988.7294074,340.8239506,990.6126225,299.7135301,333.0007606
456,5,640.3329952,345.9019657,622.0352538,323.378885,338.3088792
457,4,412.1061701,190.7719452,393.7712015,201.5702097,204.4151267
458,3,990.921581,328.273656,1018.418711,357.2861741,366.8495017
459,3,975.447521,353.2710528,991.5587744,343.6912374,350.3667822
460,1,1004.1098,285.2107562,1006.483388,323.4974837,329.6765088
461,2,1005.396712,372.1083104,991.2201006,361.3599615,365.6311482
462,7,940.0615677,110.4571155,945.0201206,85.66632698,104.5424267
463,6,890.4409408,240.9780807,929.0277976,214.7614367,220.0714935
464,1,1004.694323,307.067268,1008.195393,322.5189119,313.7100914
465,1,996.9240197,301.3309019,1003.306879,316.7726037,314.7328568
466,5,635.4810812,341.7220676,666.3402182,315.538898,330.8000298
467,3,974.3514374,300.9444212,976.3912464,325.9118736,345.1851474
468,2,967.6095897,383.9686721,1019.993328,360.0334368,402.6700679
469,2,997.3417848,395.1812441,976.8576264,401.6958278,365.0205252
470,2,978.6207348,397.4719991,974.308747,388.3774909,360.5963058
471,4,402.6258628,182.8498633,412.4570988,191.5006755,191.3583204
472,6,878.5654157,221.1574407,920.9414301,215.7404689,205.4449976
473,2,1006.90081,371.1462754,1007.279491,408.0131638,376.427671
474,2,969.1904507,398.7483024,1028.386597,373.2081424,357.2738201
475,6,873.4538521,231.2420439,890.0063613,229.0182263,231.2888935
476,6,885.1997536,208.5030561,900.6057758,227.1345117,227.7422849
477,5,678.2926885,333.68605,665.8929145,328.1143416,314.9136524
478,2,984.0890892,359.6964048,975.4914645,410.084037,375.7882022
479,3,980.7223583,358.8657241,991.8363723,346.5074112,357.6813347
480,4,399.2713709,192.5534156,397.857238,184.2426133,205.5611201
481,5,601.4085848,330.0430335,620.7691903,322.1552038,346.3790069
482,1,1000.922517,330.0474046,994.8436989,271.9242792,327.980969
483,1,986.005163,302.7919384,1002.038831,312.6528457,353.9277574
484,6,910.6649708,217.6910309,901.2606669,218.3206309,227.0755115
485,1,1008.078693,327.869879,996.0567744,316.4321,332.6542752
486,5,685.269248,316.2251036,663.6202378,322.1737234,308.6767518
487,4,390.1698222,186.8578133,427.2203781,213.4707805,207.097976
488,5,656.0576867,323.9979822,670.8656447,327.3738958,305.9286437
489,3,976.456324,363.7716822,994.2310457,357.3203769,337.3323504
490,3,963.1690838,366.2725631,995.258695,333.7421496,346.2335231
491,1,1014.808877,313.3451091,1007.809603,315.3714955,286.128692
492,4,410.338072,202.3267918,409.0220672,201.792106,180.2588549
493,2,990.5182773,390.9259304,994.3531464,368.6192905,374.8550078
494,5,662.3870316,312.6174645,668.8689898,322.3246087,333.9462032
495,1,996.8538869,303.2509225,997.3047004,305.4568566,305.8185289
496,6,909.8459565,225.1796826,919.0782631,217.000969,236.3953835
497,1,1005.741267,341.8992706,1003.55408,338.6719265,311.0975613
498,7,937.5288529,102.3731742,951.2072961,97.32944839,104.2152187
499,5,650.6385353,321.2454404,652.1632392,332.8280061,345.2995323
500,7,924.0629072,103.6953701,932.578496,103.3141674,108.2921857
501,3,1002.968455,336.4705617,955.0479462,354.5013025,360.4088672
502,5,624.5382616,329.6932794,647.1527075,324.2448261,314.0409913
503,4,414.6983367,200.9468598,408.2932677,203.2872322,195.3617076
504,3,965.8879367,375.4487467,946.304032,345.6120474,320.3545932
505,4,417.4812862,189.4065014,409.3607866,188.6315824,186.3108165
506,3,965.8705646,327.9388572,1012.249219,314.2636604,342.8670875
507,4,390.4506311,190.9836624,404.7030913,208.8417819,187.1428214
508,3,940.400852,337.0326221,970.4502163,368.7676063,332.9168502
509,7,928.2451867,92.18575944,932.5232994,117.0878269,99.43135571
510,6,905.2795154,235.8682429,876.0188349,240.5721991,245.2477921
511,1,1012.323983,312.8046116,1012.958655,318.5281536,328.2960902
512,4,415.7785291,175.3025769,404.3127122,183.2072096,192.4625097
513,3,998.0715906,353.9427042,962.0934391,354.4836038,349.1843116
514,6,873.1052261,217.0660302,870.0830922,219.1307756,215.9530817
515,4,417.0171323,172.8295531,394.6174671,190.8166664,194.5086082
516,5,646.9621352,305.5306706,643.6893934,336.1149647,320.8266433
517,7,962.8571197,112.7091638,962.0267478,116.4949904,107.4280343
518,6,900.571328,219.3481861,891.4311684,210.5084106,204.9175294
519,7,942.8032859,112.0572913,938.9456391,98.34317958,122.2975892
520,2,1006.199788,346.6825059,975.3177155,396.0611226,376.676426
521,7,947.2446123,109.935345,930.3177459,112.8708855,97.56973466
522,5,669.4399355,308.6085664,638.3449632,322.8882517,339.5926265
523,3,954.6092148,349.2352663,969.4628169,338.5705611,323.3996749
524,6,899.0753129,212.9142523,901.8076853,221.6953517,220.1418692
525,2,996.0345109,363.3443721,1009.941801,359.9262972,368.8323824
526,2,976.5658934,394.5536228,995.0225109,353.8482241,390.3547279
527,2,985.9770218,401.0015666,987.1095398,381.574788,359.2170546
528,3,1021.508039,370.1091017,978.5746879,296.6972965,321.9319926
529,2,982.0316838,363.9337001,1005.076986,374.8716311,372.7267647
530,1,987.3518956,315.1906346,997.2084063,312.2649958,317.6991269
531,3,964.5503279,344.1701082,1034.585899,364.4088546,345.7327544
532,5,639.5561334,298.3368336,630.94821,318.201005,318.6940035
533,1,984.2576219,310.646789,971.3367944,315.7201014,347.1627772
534,5,616.6891161,321.8182698,647.5584049,320.3767239,334.0433735
535,4,406.6569017,179.6715598,411.8229263,187.6547658,190.7115671
536,7,933.6557985,94.79844819,927.1976692,84.24425327,85.95692658
537,7,918.3564741,99.24070387,949.5384725,108.9134502,100.3505057
538,6,921.1638257,225.7306187,911.1897161,211.0172151,223.5848484
539,7,928.4821349,102.8599486,917.0970338,98.70745949,113.050149
540,6,891.3828029,241.7077663,880.2855718,220.7414487,237.3455196
541,7,943.199742,99.32694906,911.7381409,106.7136539,121.5949764
542,2,985.2767602,394.419503,1032.781616,374.5802627,380.4803949
543,6,888.9123776,219.5132344,899.2741696,223.3249737,225.1713864
544,3,999.3048269,375.2389033,976.9814169,330.1876356,353.0832401
545,2,997.1294604,391.1692104,970.1751364,362.3974482,393.9528147
546,4,404.7507318,177.3174923,394.4343092,198.9432173,200.8012391
547,3,991.7154501,346.0517901,966.7367687,351.3465067,341.486132
548,5,645.3241801,333.3326874,617.3358679,315.6947777,312.4210432
549,1,973.1240582,344.9131258,1007.01955,302.3001621,334.011812
550,2,974.7984148,373.939202,986.6693009,396.652327,372.2420224
551,7,954.9037764,87.61265013,909.3215438,103.6950157,113.0388342
552,7,947.6597882,108.7850426,932.2978622,101.3556003,114.2720679
553,7,926.0317586,106.3652386,908.2944142,88.48472957,123.3202317
554,2,978.3868116,375.0343087,1009.561678,367.9451667,390.0176956
555,3,993.724862,328.6235595,982.9495479,364.3621784,377.2868747
556,5,652.8520634,333.9020685,642.4143892,320.4790237,332.30448
557,1,1008.773523,308.1251933,992.9838397,309.9970805,311.7344112
558,1,994.8986504,317.1456963,999.0761928,322.8799624,307.5196363
559,5,619.208324,326.9718964,644.7824939,313.4465989,338.5014039
560,1,997.5260445,325.4413191,1008.864463,297.5153721,327.8427561
561,6,894.8806907,248.1723348,884.6581886,215.0048487,225.6718558
562,3,962.4567214,339.9883075,939.5469738,343.5915143,309.2894854
563,7,901.3002875,119.8060121,934.906291,98.33777533,90.13929336
564,5,666.1303406,309.8885086,648.7550256,318.7888807,342.5795936
565,1,990.2908508,336.7346122,995.2907091,316.9995809,328.3488251
566,3,946.5451053,335.0984207,995.3398961,342.59416,357.8373332
567,4,384.6808825,186.1985895,401.4774586,205.7873263,184.0406854
568,6,892.0977237,238.191744,924.7669746,223.9117422,223.3418779
569,4,407.0325175,183.3670169,435.2595578,177.6539452,201.6963068
570,4,397.0083997,185.7493395,399.9561083,208.9866783,169.2080598
571,6,880.5126291,227.2012964,903.6109235,225.1960033,222.0499864
572,6,880.5347212,203.4634853,864.7360865,218.8709279,243.1285104
573,1,994.8125932,341.9027022,1007.191593,337.6664242,320.6435996
574,7,935.9030868,98.14319687,895.4563434,85.64684661,113.9824755
575,1,1011.122215,325.8316841,996.6481124,331.072533,333.2763112
576,6,909.7417418,225.8084015,889.7134194,236.8616874,256.2324036
577,3,988.3168192,358.6195068,973.4540873,330.473793,352.6623045
578,5,631.8548655,310.6795617,663.5010281,295.2233831,313.7966386
579,4,403.9459164,195.8762781,423.2619933,181.1615774,200.8547047
580,4,388.8772076,190.6438082,386.5672864,206.3710313,194.9337072
581,3,994.0706927,344.6763522,964.501358,358.2088557,344.9533917
582,2,982.87903,380.9558294,986.5778951,406.443164,395.4620344
583,6,866.9706965,196.8938343,909.2982442,207.2249776,233.0708522
584,4,408.3433167,207.4248883,410.7562007,198.9411984,192.2556809
585,1,1008.898945,314.6915932,993.6782858,338.2212239,329.6344535
586,3,964.9633882,354.860177,973.1798324,337.5711971,351.3292884
587,5,645.6796419,311.9072645,657.3315541,326.0019909,341.2853671
588,5,624.7517042,334.0925543,636.468442,334.6044578,319.46187
589,5,642.0755553,305.695272,638.0572341,324.6034409,323.8762786
590,4,379.9553612,183.258237,411.8508834,206.4942634,188.8308362
591,7,881.3340645,94.53618257,915.8898321,124.7354262,116.247237
592,7,923.2608698,106.570564,947.5055844,107.6033837,99.32897488
593,1,986.2221826,312.0427852,1009.818596,346.439448,315.5501409
594,2,958.6018712,396.3609458,979.2560575,398.9719578,370.5924157
595,6,876.7493199,210.3878394,893.5273557,221.2899027,216.6124843
596,5,680.7152568,343.0552002,653.9613044,314.7217217,344.391418
597,4,398.7116568,185.6605651,409.6994791,181.0094323,189.5585241
598,1,986.7840456,342.3865937,1006.397985,332.8499381,332.4995992
599,3,983.3067019,364.0432659,1015.481383,351.4211933,328.4642475
600,1,994.8199643,316.7001642,1005.756237,341.8897127,320.2700066
